nom site,indicator,Organisme,code zas,Zas,code site,type d'implantation,Polluant,type d'influence,Réglementaire,type d'évaluation,type de valeur,valeur,valeur brute,unité de mesure,taux de saisie,couverture temporelle,couverture de données,code qualité,validité,Latitude,Longitude
BREST Plouzané,0.0814606741573033,AIR BREIZH,FR53ZAR01,ZAR BREST,FR19016,Périurbaine,O3,Fond,Oui,mesures fixes,Max. journalier moy. hor.,81.9,81.85,µg-m3,100.0,100,100.0,A,1,48.359444,-4.568055
Brest Desmoulins,0.0609418282548476,AIR BREIZH,FR53ZAR01,ZAR BREST,FR19014,Urbaine,PM10,Trafic,Oui,mesures fixes,Moy. journalière,31.0,30.675,µg-m3,100.0,100,100.0,A,1,48.39746,-4.48871
Brest Mace,0.0994318181818181,AIR BREIZH,FR53ZAR01,ZAR BREST,FR19012,Urbaine,O3,Fond,Oui,mesures fixes,Max. journalier moy. hor.,83.6,83.625,µg-m3,100.0,100,100.0,A,1,48.38618,-4.4866
Kergoff,0.1274787535410765,AIR BREIZH,FR53ZRE01,ZR BRETAGNE,FR19020,Rurale nationale,O3,Fond,Oui,mesures fixes,Max. journalier moy. hor.,75.4,75.375,µg-m3,100.0,100,100.0,A,1,48.261963,-2.943631
Lorient B. Bissonnet,0.1487603305785124,AIR BREIZH,FR53ZRE01,ZR BRETAGNE,FR19032,Urbaine,O3,Fond,Oui,mesures fixes,Max. journalier moy. hor.,83.1,83.1,µg-m3,100.0,100,100.0,A,1,47.7425,-3.39501
Lorient Normandie,0.0602739726027397,AIR BREIZH,FR53ZRE01,ZR BRETAGNE,FR19037,Urbaine,PM10,Trafic,Oui,mesures fixes,Moy. journalière,16.0,16.1416666667,µg-m3,100.0,100,100.0,A,1,47.758947,-3.36938
MORDELLES BELLAIS,0.0527777777777777,AIR BREIZH,FR53ZAG01,ZAG RENNES,FR19018,Périurbaine,O3,Fond,Oui,mesures fixes,Max. journalier moy. hor.,68.5,68.475,µg-m3,100.0,100,100.0,A,1,48.082883,-1.834583
Quimper Zola,0.0994475138121546,AIR BREIZH,FR53ZRE01,ZR BRETAGNE,FR19053,Urbaine,O3,Fond,Oui,mesures fixes,Max. journalier moy. hor.,80.1,80.125,µg-m3,100.0,100,100.0,A,1,47.986606,-4.097658
Rennes Laennec,0.0743801652892562,AIR BREIZH,FR53ZAG01,ZAG RENNES,FR19002,Urbaine,PM10,Trafic,Oui,mesures fixes,Moy. journalière,14.0,13.5166666667,µg-m3,100.0,100,100.0,A,1,48.10861,-1.66586
Rennes Les Halles,0.0201149425287356,AIR BREIZH,FR53ZAG01,ZAG RENNES,FR19007,Urbaine,NO2,Trafic,Oui,mesures fixes,Max. journalier moy. hor.,25.9,25.85,µg-m3,100.0,100,100.0,A,1,48.10751,-1.67984
Rennes Thabor,0.1561643835616438,AIR BREIZH,FR53ZAG01,ZAG RENNES,FR19039,Urbaine,O3,Fond,Oui,mesures fixes,Max. journalier moy. hor.,78.5,78.5,µg-m3,100.0,100,100.0,A,1,48.11521,-1.673088
Saint Brieuc Balzac,0.0493150684931506,AIR BREIZH,FR53ZRE01,ZR BRETAGNE,FR19061,Urbaine,O3,Fond,Oui,mesures fixes,Max. journalier moy. hor.,74.2,74.2,µg-m3,100.0,100,100.0,A,1,48.51351,-2.74953
StMalo Rocabey,0.1325966850828729,AIR BREIZH,FR53ZRE01,ZR BRETAGNE,FR19082,Périurbaine,O3,Fond,Oui,mesures fixes,Max. journalier moy. hor.,83.2,83.2,µg-m3,100.0,100,100.0,A,1,48.65306,-2.00268
Vannes UTA,0.1792717086834734,AIR BREIZH,FR53ZRE01,ZR BRETAGNE,FR19033,Urbaine,O3,Fond,Oui,mesures fixes,Max. journalier moy. hor.,78.9,78.85,µg-m3,100.0,100,100.0,R,1,47.64892,-2.76399
AMPERE,0.0,AIR PAYS DE LA LOIRE,FR52ZAG01,ZAG NANTES-SAINT-NAZAIRE,FR23001,Périurbaine,SO2,Industrielle,Oui,mesures fixes,Max. journalier moy. hor.,5.1,5.075,µg-m3,100.0,100,100.0,R,1,47.324097,-2.081567
APPENTIS,0.1506849315068493,AIR PAYS DE LA LOIRE,FR52ZAR01,ZAR ANGERS-LOIRE,FR23150,Urbaine,O3,Fond,Oui,mesures fixes,Max. journalier moy. hor.,70.4,70.375,µg-m3,100.0,100,100.0,A,1,47.44739,-0.550067
BEAUX ARTS,0.0876712328767123,AIR PAYS DE LA LOIRE,FR52ZAR01,ZAR ANGERS-LOIRE,FR23120,Urbaine,PM10,Fond,Oui,mesures fixes,Moy. journalière,18.0,18.3125,µg-m3,100.0,100,100.0,A,1,47.468513,-0.556053
CAME,0.0493150684931506,AIR PAYS DE LA LOIRE,FR52ZAG01,ZAG NANTES-SAINT-NAZAIRE,FR23249,Périurbaine,PM10,Industrielle,Oui,mesures fixes,Moy. journalière,15.0,15.175,µg-m3,100.0,100,100.0,A,1,47.3210778,-2.127322
CAMEE,0.1724137931034483,AIR PAYS DE LA LOIRE,FR52ZAG01,ZAG NANTES-SAINT-NAZAIRE,FR23238,Urbaine,PM10,Industrielle,Oui,mesures fixes,Moy. journalière,0.0,0.0,µg-m3,0.0,100,0.0,N,-1,47.1941472,-1.581677778
CIM BOUTEILLERIE,0.1863013698630137,AIR PAYS DE LA LOIRE,FR52ZAG01,ZAG NANTES-SAINT-NAZAIRE,FR23188,Urbaine,O3,Fond,Oui,mesures fixes,Max. journalier moy. hor.,66.2,66.15,µg-m3,100.0,100,100.0,A,1,47.2225,-1.5375
CLOS DES BEAUVAIS,0.1561643835616438,AIR PAYS DE LA LOIRE,FR52ZAR01,ZAR ANGERS-LOIRE,FR23175,Périurbaine,O3,Fond,Oui,mesures fixes,Max. journalier moy. hor.,68.8,68.775,µg-m3,100.0,100,100.0,A,1,47.430164,-0.610064
CUTULLIC2,0.0,AIR PAYS DE LA LOIRE,FR52ZRE01,ZR PAYS-DE-LA-LOIRE,FR23149,Périurbaine,SO2,Industrielle,Oui,mesures fixes,Max. journalier moy. hor.,1.6,1.63333,µg-m3,100.0,100,100.0,R,1,47.286114,-2.032289
DELACROIX,0.1890410958904109,AIR PAYS DE LA LOIRE,FR52ZRE01,ZR PAYS-DE-LA-LOIRE,FR23152,Urbaine,O3,Fond,Oui,mesures fixes,Max. journalier moy. hor.,74.2,74.175,µg-m3,100.0,100,100.0,A,1,46.6607,-1.436831
EPINETTES,0.1512605042016806,AIR PAYS DE LA LOIRE,FR52ZAG01,ZAG NANTES-SAINT-NAZAIRE,FR23157,Périurbaine,O3,Fond,Oui,mesures fixes,Max. journalier moy. hor.,77.6,77.575,µg-m3,100.0,100,100.0,A,1,47.146088,-1.690269
FRERES GONCOURT,0.1331444759206798,AIR PAYS DE LA LOIRE,FR52ZAG01,ZAG NANTES-SAINT-NAZAIRE,FR23251,Urbaine,NO2,Trafic,Oui,mesures fixes,Max. journalier moy. hor.,43.7,43.675,µg-m3,100.0,100,100.0,A,1,47.204122,-1.564811
FROSSAY,0.0082191780821917,AIR PAYS DE LA LOIRE,FR52ZRE01,ZR PAYS-DE-LA-LOIRE,FR23068,Rurale près des villes,PM10,Industrielle,Oui,mesures fixes,Moy. journalière,15.0,15.1208333333,µg-m3,100.0,100,100.0,A,1,47.24747,-1.936619
Fillé,0.1569767441860465,AIR PAYS DE LA LOIRE,FR52ZRE01,ZR PAYS-DE-LA-LOIRE,FR23163,Périurbaine,O3,Fond,Oui,mesures fixes,Max. journalier moy. hor.,69.4,69.425,µg-m3,100.0,100,100.0,A,1,47.92192,0.151825
GASPARD,0.1377410468319559,AIR PAYS DE LA LOIRE,FR52ZAG01,ZAG NANTES-SAINT-NAZAIRE,FR23230,Périurbaine,O3,Fond,Oui,mesures fixes,Max. journalier moy. hor.,80.0,80.0,µg-m3,100.0,100,100.0,A,1,47.253056,-2.332067
GUEDOU,0.0,AIR PAYS DE LA LOIRE,FR52ZAR02,ZAR LE-MANS,FR23174,Urbaine,NO2,Fond,Oui,mesures fixes,Max. journalier moy. hor.,8.5,8.525,µg-m3,100.0,100,100.0,A,1,47.98892,0.195983
JULES VERNE,0.0,AIR PAYS DE LA LOIRE,FR52ZAG01,ZAG NANTES-SAINT-NAZAIRE,FR23075,Périurbaine,NO2,Industrielle,Oui,mesures fixes,Max. journalier moy. hor.,22.1,22.125,µg-m3,100.0,100,100.0,A,1,47.315727,-2.190764
LA CHAUVINIERE,0.0657534246575342,AIR PAYS DE LA LOIRE,FR52ZAG01,ZAG NANTES-SAINT-NAZAIRE,FR23107,Urbaine,PM10,Fond,Oui,mesures fixes,Moy. journalière,15.0,14.7958333333,µg-m3,100.0,100,100.0,A,1,47.252777,-1.573333
LA MEGRETAIS,0.0519480519480519,AIR PAYS DE LA LOIRE,FR52ZAG01,ZAG NANTES-SAINT-NAZAIRE,FR23003,Périurbaine,PM10,Industrielle,Oui,mesures fixes,Moy. journalière,17.0,16.625,µg-m3,100.0,100,100.0,A,1,47.322706,-2.039244
LA TARDIERE,0.1452054794520547,AIR PAYS DE LA LOIRE,FR52ZRE01,ZR PAYS-DE-LA-LOIRE,FR23124,Rurale nationale,O3,Fond,Oui,mesures fixes,Max. journalier moy. hor.,60.3,60.325,µg-m3,100.0,100,100.0,A,1,46.656685,-0.743681
LEON BLUM,0.1698630136986301,AIR PAYS DE LA LOIRE,FR52ZAG01,ZAG NANTES-SAINT-NAZAIRE,FR23110,Urbaine,O3,Fond,Oui,mesures fixes,Max. journalier moy. hor.,80.1,80.075,µg-m3,100.0,100,100.0,A,1,47.26412,-2.249858
LES COUETS,0.0602739726027397,AIR PAYS DE LA LOIRE,FR52ZAG01,ZAG NANTES-SAINT-NAZAIRE,FR23239,Urbaine,PM10,Industrielle,Oui,mesures fixes,Moy. journalière,14.0,14.1833333333,µg-m3,100.0,100,100.0,R,1,47.1859194,-1.59149722222222
LEVOYER,0.0200803212851405,AIR PAYS DE LA LOIRE,FR52ZAG01,ZAG NANTES-SAINT-NAZAIRE,FR23238,Urbaine,PM10,Industrielle,Oui,mesures fixes,Moy. journalière,8.0,8.4708333333,µg-m3,100.0,100,100.0,A,1,47.1941472,-1.581677778
MAZAGRAN,0.1342465753424657,AIR PAYS DE LA LOIRE,FR52ZAR03,ZAR LAVAL,FR23123,Urbaine,O3,Fond,Oui,mesures fixes,Max. journalier moy. hor.,73.9,73.9,µg-m3,100.0,100,100.0,A,1,48.06943,-0.767692
PARC PAYSAGER,0.0,AIR PAYS DE LA LOIRE,FR52ZAG01,ZAG NANTES-SAINT-NAZAIRE,FR23181,Urbaine,NO2,Fond,Oui,mesures fixes,Max. journalier moy. hor.,15.2,15.15,µg-m3,100.0,100,100.0,A,1,47.273056,-2.223056
PARSCAU DU PLESSIS,0.0630136986301369,AIR PAYS DE LA LOIRE,FR52ZAG01,ZAG NANTES-SAINT-NAZAIRE,FR23178,Périurbaine,PM10,Industrielle,Oui,mesures fixes,Moy. journalière,16.0,15.6,µg-m3,100.0,100,100.0,A,1,47.319157,-2.066953
PASTEUR,0.0082872928176795,AIR PAYS DE LA LOIRE,FR52ZAG01,ZAG NANTES-SAINT-NAZAIRE,FR23004,Périurbaine,SO2,Industrielle,Oui,mesures fixes,Max. journalier moy. hor.,11.1,11.075,µg-m3,100.0,100,100.0,R,1,47.317284,-2.073306
ROI RENE,0.0879120879120879,AIR PAYS DE LA LOIRE,FR52ZAR01,ZAR ANGERS-LOIRE,FR23242,Urbaine,PM10,Trafic,Oui,mesures fixes,Moy. journalière,16.0,16.1458333333,µg-m3,100.0,100,100.0,A,1,47.466992,-0.554686
S ETIENNE DE MONTLUC,0.0356164383561643,AIR PAYS DE LA LOIRE,FR52ZAG01,ZAG NANTES-SAINT-NAZAIRE,FR23070,Périurbaine,PM10,Industrielle,Oui,mesures fixes,Moy. journalière,14.0,13.7833333333,µg-m3,100.0,100,100.0,A,1,47.28318,-1.783164
SAINT EXUPERY,0.1616438356164383,AIR PAYS DE LA LOIRE,FR52ZRE01,ZR PAYS-DE-LA-LOIRE,FR23078,Urbaine,O3,Fond,Oui,mesures fixes,Max. journalier moy. hor.,73.4,73.425,µg-m3,100.0,100,100.0,A,1,47.054443,-0.886111
SAINT-DENIS D'ANJOU,0.1616438356164383,AIR PAYS DE LA LOIRE,FR52ZRE01,ZR PAYS-DE-LA-LOIRE,FR23177,Rurale régionale,O3,Fond,Oui,mesures fixes,Max. journalier moy. hor.,71.9,71.875,µg-m3,100.0,100,100.0,A,1,47.78773,-0.444044
SAVENAY,0.0,AIR PAYS DE LA LOIRE,FR52ZAG01,ZAG NANTES-SAINT-NAZAIRE,FR23069,Périurbaine,SO2,Industrielle,Oui,mesures fixes,Max. journalier moy. hor.,0.9,0.9,µg-m3,100.0,100,100.0,R,1,47.36075,-1.95475
SOURCES,0.2082191780821917,AIR PAYS DE LA LOIRE,FR52ZAR02,ZAR LE-MANS,FR23182,Urbaine,O3,Fond,Oui,mesures fixes,Max. journalier moy. hor.,71.2,71.2,µg-m3,100.0,100,100.0,A,1,47.971066,0.221422
AUBERVILLIERS,1.0,AIRPARIF,FR11ZAG01,ZAG PARIS,FR04018,Urbaine,NO2,Fond,Oui,mesures fixes,Max. journalier moy. hor.,120.8,120.825,µg-m3,100.0,100,100.0,A,1,48.9039,2.3847
Auto A1 -Saint-Denis,0.3113207547169811,AIRPARIF,FR11ZAG01,ZAG PARIS,FR04058,Urbaine,PM10,Trafic,Oui,mesures fixes,Moy. journalière,26.0,25.8916666667,µg-m3,100.0,100,100.0,A,1,48.925278,2.356667
Av Champs Elysees,0.0,AIRPARIF,FR11ZAG01,ZAG PARIS,FR04031,Urbaine,NO2,Trafic,Oui,mesures fixes,Max. journalier moy. hor.,42.0,41.975,µg-m3,100.0,100,100.0,A,1,48.868772,2.311231
Bld peripherique Est,0.625,AIRPARIF,FR11ZAG01,ZAG PARIS,FR04329,Urbaine,PM2.5,Trafic,Oui,mesures fixes,Moy. journalière,11.0,10.65,µg-m3,100.0,100,100.0,A,1,48.838615,2.412781
Boulevard Haussmann,0.0,AIRPARIF,FR11ZAG01,ZAG PARIS,FR04131,Urbaine,NO2,Trafic,Oui,mesures fixes,Max. journalier moy. hor.,42.8,42.775,µg-m3,100.0,100,100.0,R,1,48.873333,2.330278
CERGY-PONTOISE,1.0,AIRPARIF,FR11ZAG01,ZAG PARIS,FR04023,Urbaine,O3,Fond,Oui,mesures fixes,Max. journalier moy. hor.,100.8,100.75,µg-m3,100.0,100,100.0,A,1,49.04639,2.043056
GENNEVILLIERS,0.7222222222222222,AIRPARIF,FR11ZAG01,ZAG PARIS,FR04002,Urbaine,PM2.5,Fond,Oui,mesures fixes,Moy. journalière,29.0,29.1958333333,µg-m3,100.0,100,100.0,A,1,48.930319,2.29435
LES ULIS,1.0,AIRPARIF,FR11ZAG01,ZAG PARIS,FR04049,Périurbaine,O3,Fond,Oui,mesures fixes,Max. journalier moy. hor.,103.6,103.6,µg-m3,100.0,100,100.0,A,1,48.679443,2.165556
LOGNES,1.0,AIRPARIF,FR11ZAG01,ZAG PARIS,FR04098,Urbaine,O3,Fond,Oui,mesures fixes,Max. journalier moy. hor.,105.3,105.3,µg-m3,100.0,100,100.0,A,1,48.84028,2.635278
NEUILLY-SUR-SEINE,0.8333333333333334,AIRPARIF,FR11ZAG01,ZAG PARIS,FR04017,Urbaine,NO2,Fond,Oui,mesures fixes,Max. journalier moy. hor.,49.3,49.275,µg-m3,100.0,100,100.0,A,1,48.88139,2.278056
PARIS 18eme,0.8235294117647058,AIRPARIF,FR11ZAG01,ZAG PARIS,FR04004,Urbaine,PM2.5,Fond,Oui,mesures fixes,Moy. journalière,21.0,20.6913043478,µg-m3,96.0,100,96.0,A,1,48.891666,2.346667
Place Victor Basch,0.125,AIRPARIF,FR11ZAG01,ZAG PARIS,FR04012,Urbaine,NO2,Trafic,Oui,mesures fixes,Max. journalier moy. hor.,41.7,41.675,µg-m3,100.0,100,100.0,A,1,48.827778,2.3275
Place de l'Opéra,0.375,AIRPARIF,FR11ZAG01,ZAG PARIS,FR04118,Urbaine,NO2,Trafic,Oui,mesures fixes,Max. journalier moy. hor.,41.1,41.05,µg-m3,100.0,100,100.0,A,1,48.870274,2.3325
Quai des Celestins,1.0,AIRPARIF,FR11ZAG01,ZAG PARIS,FR04141,Urbaine,NO2,Trafic,Oui,mesures fixes,Max. journalier moy. hor.,130.8,130.825,µg-m3,100.0,100,100.0,A,1,48.85278,2.360556
RAMBOUILLET,0.8,AIRPARIF,FR11ZRE01,ZR ILE-DE-FRANCE,FR04181,Périurbaine,PM2.5,Fond,Oui,mesures fixes,Moy. journalière,22.0,21.8458333333,µg-m3,100.0,100,100.0,A,1,48.63373,1.830529
RD934 Coulommiers,0.3421052631578947,AIRPARIF,FR11ZRE01,ZR ILE-DE-FRANCE,FR04173,Périurbaine,PM2.5,Trafic,Oui,mesures fixes,Moy. journalière,16.0,16.4666666667,µg-m3,100.0,100,100.0,A,1,48.8059,3.084158
RN2-PANTIN,0.6666666666666666,AIRPARIF,FR11ZAG01,ZAG PARIS,FR04123,Urbaine,NO2,Trafic,Oui,mesures fixes,Max. journalier moy. hor.,40.4,40.375,µg-m3,92.0,100,92.0,R,1,48.90222,2.390833
RN20 - MONTLHERY,0.8,AIRPARIF,FR11ZAG01,ZAG PARIS,FR04180,Périurbaine,NO2,Trafic,Oui,mesures fixes,Max. journalier moy. hor.,92.1,92.1,µg-m3,100.0,100,100.0,A,1,48.64093,2.26872
RN6-MELUN,0.0,AIRPARIF,FR11ZAG01,ZAG PARIS,FR04122,Périurbaine,PM10,Trafic,Oui,mesures fixes,Moy. journalière,22.0,22.0125,µg-m3,100.0,100,100.0,A,1,48.528057,2.653611
TREMBLAY-EN-FRANCE,1.0,AIRPARIF,FR11ZAG01,ZAG PARIS,FR04319,Périurbaine,O3,Fond,Oui,mesures fixes,Max. journalier moy. hor.,134.4,134.35,µg-m3,100.0,100,100.0,A,1,48.95555,2.575278
VILLEMOMBLE,1.0,AIRPARIF,FR11ZAG01,ZAG PARIS,FR04100,Urbaine,NO2,Fond,Oui,mesures fixes,Max. journalier moy. hor.,121.6,121.55,µg-m3,100.0,100,100.0,A,1,48.881947,2.507222
VITRY-SUR-SEINE,0.75,AIRPARIF,FR11ZAG01,ZAG PARIS,FR04034,Urbaine,NO2,Fond,Oui,mesures fixes,Max. journalier moy. hor.,43.9,43.85,µg-m3,100.0,100,100.0,A,1,48.775897,2.375788
Zone Rurale Est,1.0,AIRPARIF,FR11ZRE01,ZR ILE-DE-FRANCE,FR04324,Rurale régionale,O3,Fond,Oui,mesures fixes,Max. journalier moy. hor.,148.6,148.6,µg-m3,100.0,100,100.0,A,1,48.761665,3.058333
Zone Rurale NO,0.625,AIRPARIF,FR11ZRE01,ZR ILE-DE-FRANCE,FR04158,Rurale régionale,PM10,Fond,Oui,mesures fixes,Moy. journalière,21.0,20.6208333333,µg-m3,100.0,100,100.0,A,1,49.063087,1.866381
Zone Rurale Nord,0.6944444444444444,AIRPARIF,FR11ZRE01,ZR ILE-DE-FRANCE,FR04048,Rurale régionale,O3,Fond,Oui,mesures fixes,Max. journalier moy. hor.,56.0,56.0,µg-m3,100.0,100,100.0,A,1,49.100277,2.343889
Zone Rurale Nord-Est,1.0,AIRPARIF,FR11ZRE01,ZR ILE-DE-FRANCE,FR04142,Rurale régionale,O3,Fond,Oui,mesures fixes,Max. journalier moy. hor.,108.7,108.65,µg-m3,100.0,100,100.0,R,1,49.028057,2.750278
Zone Rurale SE,1.0,AIRPARIF,FR11ZRE01,ZR ILE-DE-FRANCE,FR04328,Rurale régionale,O3,Fond,Oui,mesures fixes,Max. journalier moy. hor.,100.5,100.45,µg-m3,100.0,100,100.0,A,1,48.3547,2.6453
Zone Rurale SO,0.1702127659574468,AIRPARIF,FR11ZRE01,ZR ILE-DE-FRANCE,FR04038,Rurale régionale,O3,Fond,Oui,mesures fixes,Max. journalier moy. hor.,59.0,58.95,µg-m3,100.0,100,100.0,A,1,48.581944,1.883333
Zone rurale Sud,0.4814814814814814,AIRPARIF,FR11ZRE01,ZR ILE-DE-FRANCE,FR04066,Rurale régionale,PM10,Fond,Oui,mesures fixes,Moy. journalière,21.0,20.625,µg-m3,100.0,100,100.0,A,1,48.364166,2.236944
A7 SUD LYONNAIS,0.1753424657534246,ATMO AUVERGNE-RHÔNE-ALPES,FR84ZAG01,ZAG LYON,FR20013,Périurbaine,PM10,Trafic,Oui,mesures fixes,Moy. journalière,23.0,22.9,µg-m3,100.0,100,100.0,A,1,45.720024,4.818156
A7 Salaise Ouest,0.084931506849315,ATMO AUVERGNE-RHÔNE-ALPES,FR84ZAR02,ZAR VALLEE-DU-RHONE,FR27011,Périurbaine,PM10,Trafic,Oui,mesures indicatives,Moy. journalière,23.0,23.0791666667,µg-m3,100.0,100,100.0,A,1,45.344078,4.807481
A7 Valence Est,0.0754189944134078,ATMO AUVERGNE-RHÔNE-ALPES,FR84ZAR02,ZAR VALLEE-DU-RHONE,FR36032,Urbaine,PM10,Trafic,Oui,mesures fixes,Moy. journalière,21.0,21.2708333333,µg-m3,100.0,100,100.0,A,1,44.9492,4.890133
ANNECY Rocade,0.0657534246575342,ATMO AUVERGNE-RHÔNE-ALPES,FR84ZAR01,ZAR PAYS-DE-SAVOIE,FR33203,Urbaine,NO2,Trafic,Oui,mesures fixes,Max. journalier moy. hor.,49.6,49.575,µg-m3,100.0,100,100.0,R,1,45.9097,6.11825
ANNEMASSE,0.2486187845303867,ATMO AUVERGNE-RHÔNE-ALPES,FR84ZAR01,ZAR PAYS-DE-SAVOIE,FR33211,Urbaine,NO2,Fond,Oui,mesures indicatives,Max. journalier moy. hor.,47.1,47.05,µg-m3,100.0,100,100.0,R,1,46.19583,6.240556
Albertville,0.3041095890410959,ATMO AUVERGNE-RHÔNE-ALPES,FR84ZAR04,ZAR VALLEE-DE-LA-TARANTAISE,FR33121,Urbaine,PM10,Fond,Oui,mesures fixes,Moy. journalière,12.0,12.0583333333,µg-m3,100.0,100,100.0,A,1,45.675,6.389722
Aurillac-Lagarde,0.2082191780821917,ATMO AUVERGNE-RHÔNE-ALPES,FR84ZRE02,ZR AUVERGNE-RHONE-ALPES,FR07052,Urbaine,O3,Fond,Oui,mesures indicatives,Max. journalier moy. hor.,76.3,76.3,µg-m3,100.0,100,100.0,R,1,44.92008,2.441082
BOSSONS,0.147945205479452,ATMO AUVERGNE-RHÔNE-ALPES,FR84ZAR03,ZAR VALLEE-DE-L-ARVE,FR33232,Urbaine,PM10,Trafic,Oui,mesures fixes,Moy. journalière,21.0,21.1958333333,µg-m3,100.0,100,100.0,A,1,45.907223,6.845833
Beaulieu,0.0054794520547945,ATMO AUVERGNE-RHÔNE-ALPES,FR84ZAG04,ZAG CLERMONT-FERRAND,FR07051,Périurbaine,PM10,Industrielle,Oui,mesures indicatives,Moy. journalière,20.0,19.7125,µg-m3,67.0,100,67.0,N,-1,45.769,3.155
Bourg-en-Bresse,0.3452054794520548,ATMO AUVERGNE-RHÔNE-ALPES,FR84ZRE02,ZR AUVERGNE-RHONE-ALPES,FR33305,Urbaine,O3,Fond,Oui,mesures indicatives,Max. journalier moy. hor.,71.3,71.275,µg-m3,100.0,100,100.0,A,1,46.211666,5.226389
Bourgoin-Jallieu,0.2191780821917808,ATMO AUVERGNE-RHÔNE-ALPES,FR84ZAG01,ZAG LYON,FR27007,Urbaine,O3,Fond,Oui,mesures indicatives,Max. journalier moy. hor.,72.9,72.9,µg-m3,100.0,100,100.0,R,1,45.60822,5.270872
CHAMBERY LE HAUT,0.2403314917127071,ATMO AUVERGNE-RHÔNE-ALPES,FR84ZAR01,ZAR PAYS-DE-SAVOIE,FR33102,Urbaine,O3,Fond,Oui,mesures fixes,Max. journalier moy. hor.,61.8,61.8,µg-m3,100.0,100,100.0,R,1,45.59667,5.918611
CHAMONIX,0.1753424657534246,ATMO AUVERGNE-RHÔNE-ALPES,FR84ZAR03,ZAR VALLEE-DE-L-ARVE,FR33120,Urbaine,PM10,Fond,Oui,mesures indicatives,Moy. journalière,39.0,39.1208333333,µg-m3,100.0,100,100.0,A,1,45.9225,6.87
COTIERE AIN,0.2931506849315068,ATMO AUVERGNE-RHÔNE-ALPES,FR84ZAG01,ZAG LYON,FR20047,Périurbaine,PM10,Fond,Oui,mesures indicatives,Moy. journalière,23.0,23.4333333333,µg-m3,100.0,100,100.0,A,1,45.823223,4.953958
Chamalières Europe,0.0,ATMO AUVERGNE-RHÔNE-ALPES,FR84ZAG04,ZAG CLERMONT-FERRAND,FR07039,Urbaine,PM10,Trafic,Oui,mesures indicatives,Moy. journalière,10.0,10.0791666667,µg-m3,100.0,100,100.0,A,1,45.774728,3.062978
Chambéry Trafic,0.0359116022099447,ATMO AUVERGNE-RHÔNE-ALPES,FR84ZAR01,ZAR PAYS-DE-SAVOIE,FR33105,Urbaine,PM10,Trafic,Oui,mesures indicatives,Moy. journalière,16.0,16.0583333333,µg-m3,100.0,100,100.0,R,1,45.56943,5.932986
Champ sur Drac,0.2767123287671232,ATMO AUVERGNE-RHÔNE-ALPES,FR84ZAG02,ZAG GRENOBLE,FR15013,Périurbaine,O3,Fond,Oui,mesures indicatives,Max. journalier moy. hor.,69.4,69.425,µg-m3,100.0,100,100.0,A,1,45.07954,5.728653
Clermont-Esplanade Gare,0.0852272727272727,ATMO AUVERGNE-RHÔNE-ALPES,FR84ZAG04,ZAG CLERMONT-FERRAND,FR07034,Urbaine,PM10,Trafic,Oui,mesures fixes,Moy. journalière,15.0,14.5041666667,µg-m3,100.0,100,100.0,A,1,45.775696,3.09625
Drôme Rurale Sud-SND,0.2417582417582417,ATMO AUVERGNE-RHÔNE-ALPES,FR84ZRE02,ZR AUVERGNE-RHONE-ALPES,FR36021,Rurale nationale,O3,Fond,Oui,mesures fixes,Max. journalier moy. hor.,69.4,69.425,µg-m3,100.0,100,100.0,A,1,44.569443,5.278972
Edouard Michelin,0.0602739726027397,ATMO AUVERGNE-RHÔNE-ALPES,FR84ZAG04,ZAG CLERMONT-FERRAND,FR07053,Urbaine,NO2,Trafic,Oui,mesures indicatives,Max. journalier moy. hor.,10.8,10.775,µg-m3,100.0,100,100.0,A,1,45.780434,3.111592
FEYZIN STADE,0.0493150684931506,ATMO AUVERGNE-RHÔNE-ALPES,FR84ZAG01,ZAG LYON,FR20029,Périurbaine,PM10,Industrielle,Oui,mesures indicatives,Moy. journalière,28.0,27.9583333333,µg-m3,100.0,100,100.0,A,1,45.6639,4.8459
GAILLARD,0.3150684931506849,ATMO AUVERGNE-RHÔNE-ALPES,FR84ZAR01,ZAR PAYS-DE-SAVOIE,FR33212,Urbaine,PM2.5,Fond,Oui,mesures indicatives,Moy. journalière,11.0,11.1291666667,µg-m3,100.0,100,100.0,A,1,46.19369,6.214858
GERLAND,0.2745098039215686,ATMO AUVERGNE-RHÔNE-ALPES,FR84ZAG01,ZAG LYON,FR20017,Urbaine,O3,Fond,Oui,mesures indicatives,Max. journalier moy. hor.,60.5,60.5,µg-m3,100.0,100,100.0,A,1,45.73529,4.829794
Grenoble Boulevards,0.0931506849315068,ATMO AUVERGNE-RHÔNE-ALPES,FR84ZAG02,ZAG GRENOBLE,FR15046,Urbaine,PM10,Trafic,Oui,mesures indicatives,Moy. journalière,14.0,13.8083333333,µg-m3,100.0,100,100.0,A,1,45.18069,5.720625
Grenoble Les Frenes,0.2892561983471074,ATMO AUVERGNE-RHÔNE-ALPES,FR84ZAG02,ZAG GRENOBLE,FR15043,Urbaine,O3,Fond,Oui,mesures fixes,Max. journalier moy. hor.,71.2,71.225,µg-m3,100.0,100,100.0,A,1,45.1619,5.7356
Grenoble PeriurbSud,0.2602739726027397,ATMO AUVERGNE-RHÔNE-ALPES,FR84ZAG02,ZAG GRENOBLE,FR15045,Périurbaine,O3,Fond,Oui,mesures fixes,Max. journalier moy. hor.,72.6,72.625,µg-m3,100.0,100,100.0,A,1,45.0578,5.6767
Gresivaudan Periurb,0.3945205479452054,ATMO AUVERGNE-RHÔNE-ALPES,FR84ZAG02,ZAG GRENOBLE,FR15048,Périurbaine,PM2.5,Fond,Oui,mesures indicatives,Moy. journalière,13.0,12.5791666667,µg-m3,100.0,100,100.0,A,1,45.2797,5.8822
HAUT BEAUJOLAIS,0.1961325966850828,ATMO AUVERGNE-RHÔNE-ALPES,FR84ZRE02,ZR AUVERGNE-RHONE-ALPES,FR20049,Rurale près des villes,O3,Fond,Oui,mesures fixes,Max. journalier moy. hor.,86.2,86.15,µg-m3,100.0,100,100.0,A,1,45.96141,4.465711
Jardin Lecoq,0.2493150684931507,ATMO AUVERGNE-RHÔNE-ALPES,FR84ZAG04,ZAG CLERMONT-FERRAND,FR07009,Urbaine,O3,Fond,Oui,mesures indicatives,Max. journalier moy. hor.,70.1,70.075,µg-m3,100.0,100,100.0,A,1,45.772167,3.0875
LA TALAUDIERE,0.2912087912087912,ATMO AUVERGNE-RHÔNE-ALPES,FR84ZAG03,ZAG SAINT-ETIENNE,FR29439,Périurbaine,O3,Fond,Oui,mesures fixes,Max. journalier moy. hor.,68.3,68.275,µg-m3,100.0,100,100.0,A,1,45.481777,4.429667
LOVERCHY,0.2328767123287671,ATMO AUVERGNE-RHÔNE-ALPES,FR84ZAR01,ZAR PAYS-DE-SAVOIE,FR33201,Urbaine,PM2.5,Fond,Oui,mesures fixes,Moy. journalière,11.0,10.9625,µg-m3,100.0,100,100.0,A,1,45.89528,6.118333
LYON Centre,0.2939560439560439,ATMO AUVERGNE-RHÔNE-ALPES,FR84ZAG01,ZAG LYON,FR20062,Urbaine,PM10,Fond,Oui,mesures fixes,Moy. journalière,27.0,26.9375,µg-m3,100.0,100,100.0,A,1,45.757732,4.854214
LYON TRAFIC JAURES,0.0657534246575342,ATMO AUVERGNE-RHÔNE-ALPES,FR84ZAG01,ZAG LYON,FR20070,Urbaine,PM10,Trafic,Oui,mesures indicatives,Moy. journalière,23.0,23.3375,µg-m3,100.0,100,100.0,A,1,45.7496944,4.84438888888888
La Léchère,0.0521978021978022,ATMO AUVERGNE-RHÔNE-ALPES,FR84ZAR04,ZAR VALLEE-DE-LA-TARANTAISE,FR33122,Rurale près des villes,PM10,Industrielle,Oui,mesures fixes,Moy. journalière,13.0,12.8625,µg-m3,33.0,100,33.0,N,-1,45.53583,6.471111
Le Puy-Causans,0.2362637362637362,ATMO AUVERGNE-RHÔNE-ALPES,FR84ZRE02,ZR AUVERGNE-RHONE-ALPES,FR07054,Urbaine,O3,Fond,Oui,mesures indicatives,Max. journalier moy. hor.,80.1,80.05,µg-m3,100.0,100,100.0,R,1,45.039001,3.887001
Les Ancizes,0.0,ATMO AUVERGNE-RHÔNE-ALPES,FR84ZRE02,ZR AUVERGNE-RHONE-ALPES,FR07028,Périurbaine,PM10,Industrielle,Oui,mesures indicatives,Moy. journalière,0.0,0.0,µg-m3,0.0,100,0.0,N,-1,45.929333,2.829806
Les Ménuires,0.5068027210884354,ATMO AUVERGNE-RHÔNE-ALPES,FR84ZRE02,ZR AUVERGNE-RHONE-ALPES,FR47127,Rurale régionale,O3,Fond,Oui,mesures fixes,Max. journalier moy. hor.,91.9,91.85,µg-m3,50.0,100,50.0,N,-1,45.318773,6.57839
Lyon Périphérique,0.3406593406593406,ATMO AUVERGNE-RHÔNE-ALPES,FR84ZAG01,ZAG LYON,FR20069,Urbaine,PM10,Trafic,Oui,mesures fixes,Moy. journalière,18.0,18.1541666667,µg-m3,100.0,100,100.0,A,1,45.77482,4.898572
Maurienne Trafic,0.0,ATMO AUVERGNE-RHÔNE-ALPES,FR84ZRE02,ZR AUVERGNE-RHONE-ALPES,FR33113,Périurbaine,PM10,Trafic,Oui,mesures indicatives,Moy. journalière,5.0,4.7583333333,µg-m3,100.0,100,100.0,A,1,45.209364,6.480326
Montferrand,0.2486910994764398,ATMO AUVERGNE-RHÔNE-ALPES,FR84ZAG04,ZAG CLERMONT-FERRAND,FR07004,Urbaine,O3,Fond,Oui,mesures indicatives,Max. journalier moy. hor.,72.0,71.975,µg-m3,100.0,100,100.0,R,1,45.79728,3.113833
Montluçon,0.210958904109589,ATMO AUVERGNE-RHÔNE-ALPES,FR84ZRE02,ZR AUVERGNE-RHONE-ALPES,FR07058,Urbaine,O3,Fond,Oui,mesures indicatives,Max. journalier moy. hor.,72.5,72.525,µg-m3,100.0,100,100.0,A,1,46.340723,2.593945
Moulins Centre,0.2569060773480663,ATMO AUVERGNE-RHÔNE-ALPES,FR84ZRE02,ZR AUVERGNE-RHONE-ALPES,FR07057,Urbaine,O3,Fond,Oui,mesures fixes,Max. journalier moy. hor.,72.0,71.975,µg-m3,100.0,100,100.0,A,1,46.5619722,3.34063888888888
NOVEL,0.219941348973607,ATMO AUVERGNE-RHÔNE-ALPES,FR84ZAR01,ZAR PAYS-DE-SAVOIE,FR33202,Urbaine,NO2,Fond,Oui,mesures fixes,Max. journalier moy. hor.,46.0,46.025,µg-m3,100.0,100,100.0,A,1,45.916943,6.135556
PASSY,0.465564738292011,ATMO AUVERGNE-RHÔNE-ALPES,FR84ZAR03,ZAR VALLEE-DE-L-ARVE,FR33220,Périurbaine,O3,Fond,Oui,mesures fixes,Max. journalier moy. hor.,50.3,50.325,µg-m3,100.0,100,100.0,A,1,45.92361,6.713611
PASTEUR,0.273972602739726,ATMO AUVERGNE-RHÔNE-ALPES,FR84ZAR01,ZAR PAYS-DE-SAVOIE,FR33101,Urbaine,PM2.5,Fond,Oui,mesures fixes,Moy. journalière,13.0,12.575,µg-m3,100.0,100,100.0,A,1,45.56472,5.928333
Paray le Fresil,0.2203856749311294,ATMO AUVERGNE-RHÔNE-ALPES,FR84ZRE02,ZR AUVERGNE-RHONE-ALPES,FR07022,Rurale régionale,O3,Fond,Oui,mesures fixes,Max. journalier moy. hor.,68.3,68.3,µg-m3,100.0,100,100.0,A,1,46.652668,3.600667
Pays du Mezenc,0.2520547945205479,ATMO AUVERGNE-RHÔNE-ALPES,FR84ZRE02,ZR AUVERGNE-RHONE-ALPES,FR07056,Rurale régionale,O3,Fond,Oui,mesures fixes,Max. journalier moy. hor.,71.8,71.8,µg-m3,96.0,100,96.0,A,1,44.98377,4.226006
Plateau de Bonnevaux,0.3415977961432507,ATMO AUVERGNE-RHÔNE-ALPES,FR84ZRE02,ZR AUVERGNE-RHONE-ALPES,FR27010,Rurale près des villes,O3,Fond,Oui,mesures fixes,Max. journalier moy. hor.,76.8,76.775,µg-m3,100.0,100,100.0,R,1,45.4609,5.181081
RIVE DE GIER,0.0356164383561643,ATMO AUVERGNE-RHÔNE-ALPES,FR84ZAG03,ZAG SAINT-ETIENNE,FR29429,Périurbaine,PM10,Trafic,Oui,mesures fixes,Moy. journalière,22.0,21.6291666667,µg-m3,100.0,100,100.0,A,1,45.533424,4.623939
ROANNE,0.1890410958904109,ATMO AUVERGNE-RHÔNE-ALPES,FR84ZRE02,ZR AUVERGNE-RHONE-ALPES,FR29423,Urbaine,O3,Fond,Oui,mesures indicatives,Max. journalier moy. hor.,58.8,58.825,µg-m3,100.0,100,100.0,A,1,46.04111,4.074656
ROCHES DE CONDRIEU,0.3095890410958904,ATMO AUVERGNE-RHÔNE-ALPES,FR84ZRE02,ZR AUVERGNE-RHONE-ALPES,FR27003,Périurbaine,O3,Fond,Oui,mesures fixes,Max. journalier moy. hor.,72.5,72.45,µg-m3,100.0,100,100.0,A,1,45.454517,4.766528
ROUSSILLON,0.2692307692307692,ATMO AUVERGNE-RHÔNE-ALPES,FR84ZAR02,ZAR VALLEE-DU-RHONE,FR27002,Urbaine,O3,Fond,Oui,mesures indicatives,Max. journalier moy. hor.,72.3,72.325,µg-m3,100.0,100,100.0,A,1,45.36782,4.805147
Rageade,0.2396694214876033,ATMO AUVERGNE-RHÔNE-ALPES,FR84ZRE02,ZR AUVERGNE-RHONE-ALPES,FR07031,Rurale régionale,O3,Fond,Oui,mesures indicatives,Max. journalier moy. hor.,80.5,80.475,µg-m3,100.0,100,100.0,A,1,45.10472,3.277361
Riom Périurbaine,0.2465753424657534,ATMO AUVERGNE-RHÔNE-ALPES,FR84ZAG04,ZAG CLERMONT-FERRAND,FR07061,Périurbaine,O3,Fond,Oui,mesures indicatives,Max. journalier moy. hor.,60.3,60.325,µg-m3,100.0,100,100.0,A,1,45.89674,3.122254
Rocade Sud Eybens,0.1178082191780822,ATMO AUVERGNE-RHÔNE-ALPES,FR84ZAG02,ZAG GRENOBLE,FR15053,Urbaine,PM10,Trafic,Oui,mesures fixes,Moy. journalière,18.0,18.375,µg-m3,100.0,100,100.0,A,1,45.15467,5.74523
Romans-sur-Isère,0.3506849315068493,ATMO AUVERGNE-RHÔNE-ALPES,FR84ZAR02,ZAR VALLEE-DU-RHONE,FR36019,Urbaine,PM2.5,Fond,Oui,mesures fixes,Moy. journalière,11.0,10.8375,µg-m3,100.0,100,100.0,A,1,45.0425,5.0443
Royat Périurbaine,0.2569060773480663,ATMO AUVERGNE-RHÔNE-ALPES,FR84ZAG04,ZAG CLERMONT-FERRAND,FR07060,Périurbaine,O3,Fond,Oui,mesures fixes,Max. journalier moy. hor.,80.4,80.35,µg-m3,100.0,100,100.0,R,1,45.764111,3.046111
SAINT ETIENNE SUD,0.2892561983471074,ATMO AUVERGNE-RHÔNE-ALPES,FR84ZAG03,ZAG SAINT-ETIENNE,FR29424,Urbaine,O3,Fond,Oui,mesures indicatives,Max. journalier moy. hor.,68.8,68.8,µg-m3,100.0,100,100.0,A,1,45.42009,4.395422
SAINT EXUPERY,0.3543956043956044,ATMO AUVERGNE-RHÔNE-ALPES,FR84ZAG01,ZAG LYON,FR20048,Périurbaine,O3,Fond,Oui,mesures fixes,Max. journalier moy. hor.,70.9,70.925,µg-m3,100.0,100,100.0,A,1,45.7533,5.0722
SAINT JEAN,0.273972602739726,ATMO AUVERGNE-RHÔNE-ALPES,FR84ZRE02,ZR AUVERGNE-RHONE-ALPES,FR33111,Urbaine,O3,Fond,Oui,mesures indicatives,Max. journalier moy. hor.,59.4,59.35,µg-m3,100.0,100,100.0,A,1,45.274723,6.349722
SAINT-CHAMOND,0.3287671232876712,ATMO AUVERGNE-RHÔNE-ALPES,FR84ZAG03,ZAG SAINT-ETIENNE,FR29426,Urbaine,O3,Fond,Oui,mesures indicatives,Max. journalier moy. hor.,74.1,74.1,µg-m3,100.0,100,100.0,R,1,45.475327,4.515003
ST ETIENNE BD URBAIN ,0.2054794520547945,ATMO AUVERGNE-RHÔNE-ALPES,FR84ZAG03,ZAG SAINT-ETIENNE,FR29441,Urbaine,PM10,Trafic,Oui,mesures indicatives,Moy. journalière,21.0,20.5916666667,µg-m3,100.0,100,100.0,A,1,45.4479806,4.388763889
ST FONS CENTRE,0.0,ATMO AUVERGNE-RHÔNE-ALPES,FR84ZAG01,ZAG LYON,FR20031,Périurbaine,PM10,Industrielle,Oui,mesures indicatives,Moy. journalière,22.0,22.4333333333,µg-m3,100.0,100,100.0,A,1,45.7078,4.8644
Sablons,0.297752808988764,ATMO AUVERGNE-RHÔNE-ALPES,FR84ZAR02,ZAR VALLEE-DU-RHONE,FR27005,Périurbaine,O3,Fond,Oui,mesures indicatives,Max. journalier moy. hor.,72.6,72.6,µg-m3,100.0,100,100.0,A,1,45.321845,4.770702
Saint Bauzile CEC,0.0178571428571428,ATMO AUVERGNE-RHÔNE-ALPES,FR84ZRE02,ZR AUVERGNE-RHONE-ALPES,FR36007,Rurale régionale,SO2,Industrielle,Oui,estimation objective,Max. journalier moy. hor.,5.3,5.3,µg-m3,100.0,100,100.0,R,1,44.675938,4.673586
St Germain/Rhône,0.2410958904109589,ATMO AUVERGNE-RHÔNE-ALPES,FR84ZRE02,ZR AUVERGNE-RHONE-ALPES,FR33302,Rurale près des villes,O3,Fond,Oui,mesures indicatives,Max. journalier moy. hor.,55.6,55.625,µg-m3,100.0,100,100.0,A,1,46.072224,5.820833
St Martin d'Heres,0.2904109589041095,ATMO AUVERGNE-RHÔNE-ALPES,FR84ZAG02,ZAG GRENOBLE,FR15038,Urbaine,O3,Fond,Oui,mesures indicatives,Max. journalier moy. hor.,74.6,74.575,µg-m3,100.0,100,100.0,A,1,45.1828,5.7531
TERNAY,0.3518005540166205,ATMO AUVERGNE-RHÔNE-ALPES,FR84ZAG01,ZAG LYON,FR20037,Périurbaine,O3,Fond,Oui,mesures fixes,Max. journalier moy. hor.,76.1,76.05,µg-m3,100.0,100,100.0,A,1,45.6019,4.8022
VAULX EN VELIN,0.2986301369863013,ATMO AUVERGNE-RHÔNE-ALPES,FR84ZAG01,ZAG LYON,FR20046,Urbaine,O3,Fond,Oui,mesures indicatives,Max. journalier moy. hor.,71.4,71.4,µg-m3,100.0,100,100.0,A,1,45.7789,4.9247
Valence Périurb. Sud,0.3205479452054794,ATMO AUVERGNE-RHÔNE-ALPES,FR84ZAR02,ZAR VALLEE-DU-RHONE,FR36001,Périurbaine,O3,Fond,Oui,mesures fixes,Max. journalier moy. hor.,61.0,60.95,µg-m3,100.0,100,100.0,R,1,44.870243,4.876289
Valence Urb. Centre,0.1698630136986301,ATMO AUVERGNE-RHÔNE-ALPES,FR84ZAR02,ZAR VALLEE-DU-RHONE,FR36002,Urbaine,PM2.5,Fond,Oui,mesures fixes,Moy. journalière,11.0,11.0166666667,µg-m3,100.0,100,100.0,A,1,44.933514,4.893481
Vichy,0.1900826446280991,ATMO AUVERGNE-RHÔNE-ALPES,FR84ZRE02,ZR AUVERGNE-RHONE-ALPES,FR07059,Urbaine,O3,Fond,Oui,mesures indicatives,Max. journalier moy. hor.,73.7,73.7,µg-m3,100.0,100,100.0,A,1,46.130431,3.425694
Villefranche Centre ,0.234159779614325,ATMO AUVERGNE-RHÔNE-ALPES,FR84ZAG01,ZAG LYON,FR20077,Urbaine,O3,Fond,Oui,mesures indicatives,Max. journalier moy. hor.,59.6,59.55,µg-m3,100.0,100,100.0,A,1,45.990112,4.715566
Voiron Urbain,0.25,ATMO AUVERGNE-RHÔNE-ALPES,FR84ZAG02,ZAG GRENOBLE,FR15018,Urbaine,PM10,Fond,Oui,mesures indicatives,Moy. journalière,22.0,22.0041666667,µg-m3,100.0,100,100.0,A,1,45.360176,5.589419
Auxerre,0.2493150684931507,ATMO BOURGOGNE-FRANCHE-COMTE,FR27ZRE01,ZR BOURGOGNE-FRANCHE-COMTE,FR26019,Urbaine,O3,Fond,Oui,mesures fixes,Max. journalier moy. hor.,78.4,78.4,µg-m3,100.0,100,100.0,A,1,47.800575,3.576189
Baume-les-Dames,0.0328767123287671,ATMO BOURGOGNE-FRANCHE-COMTE,FR27ZRE01,ZR BOURGOGNE-FRANCHE-COMTE,FR82070,Urbaine,NO2,Trafic,Oui,mesures fixes,Max. journalier moy. hor.,49.5,49.475,µg/m3,100.0,100,100.0,A,1,47.351288,6.359722
Belfort Octroi,0.0164835164835164,ATMO BOURGOGNE-FRANCHE-COMTE,FR27ZAR01,ZAR BELFORT-MONTBELIARD,FR82020,Urbaine,NO2,Trafic,Oui,mesures fixes,Max. journalier moy. hor.,53.4,53.425,µg-m3,100.0,100,100.0,A,1,47.640667,6.859278
Besancon Mégevand,0.0137362637362637,ATMO BOURGOGNE-FRANCHE-COMTE,FR27ZAR03,ZAR BESANCON,FR82001,Urbaine,NO2,Trafic,Oui,mesures fixes,Max. journalier moy. hor.,11.7,11.675,µg-m3,100.0,100,100.0,A,1,47.235973,6.023611
Besancon Prevoyance,0.2884615384615384,ATMO BOURGOGNE-FRANCHE-COMTE,FR27ZAR03,ZAR BESANCON,FR82006,Urbaine,O3,Fond,Oui,mesures fixes,Max. journalier moy. hor.,72.8,72.825,µg-m3,100.0,100,100.0,A,1,47.2474,6.015419
Chalon Centre Ville,0.0821917808219178,ATMO BOURGOGNE-FRANCHE-COMTE,FR27ZAR04,ZAR CHALON,FR32001,Urbaine,PM10,Trafic,Oui,mesures fixes,Moy. journalière,21.0,21.4833333333,µg-m3,100.0,100,100.0,A,1,46.782311,4.847322
Champforgueil,0.212707182320442,ATMO BOURGOGNE-FRANCHE-COMTE,FR27ZAR04,ZAR CHALON,FR32002,Périurbaine,O3,Fond,Oui,mesures fixes,Max. journalier moy. hor.,64.4,64.375,µg-m3,100.0,100,100.0,A,1,46.821056,4.835083
Chatenois,0.0054794520547945,ATMO BOURGOGNE-FRANCHE-COMTE,FR27ZRE01,ZR BOURGOGNE-FRANCHE-COMTE,FR82043,Périurbaine,PM10,Industrielle,Oui,mesures fixes,Moy. journalière,16.0,16.4375,µg-m3,100.0,100,100.0,A,1,47.14725,5.556117
Daix,0.2644628099173554,ATMO BOURGOGNE-FRANCHE-COMTE,FR27ZAR02,ZAR DIJON,FR26010,Périurbaine,O3,Fond,Oui,mesures fixes,Max. journalier moy. hor.,71.3,71.3,µg-m3,100.0,100,100.0,A,1,47.3456,5.002377
Dambenois Citoyen,0.2219178082191781,ATMO BOURGOGNE-FRANCHE-COMTE,FR27ZAR01,ZAR BELFORT-MONTBELIARD,FR82012,Périurbaine,O3,Fond,Oui,mesures fixes,Max. journalier moy. hor.,64.3,64.25,µg-m3,100.0,100,100.0,A,1,47.538193,6.868361
Damparis,0.0,ATMO BOURGOGNE-FRANCHE-COMTE,FR27ZRE01,ZR BOURGOGNE-FRANCHE-COMTE,FR82042,Rurale près des villes,NO2,Industrielle,Oui,mesures fixes,Max. journalier moy. hor.,11.6,11.6,µg-m3,100.0,100,100.0,A,1,47.06564,5.415028
Dijon Ardennes,0.0301369863013698,ATMO BOURGOGNE-FRANCHE-COMTE,FR27ZAR02,ZAR DIJON,FR26094,Urbaine,PM10,Trafic,Oui,mesures fixes,Moy. journalière,19.0,19.2125,µg-m3,100.0,100,100.0,A,1,47.351367,5.070706
Dijon Péjoces,0.2362637362637362,ATMO BOURGOGNE-FRANCHE-COMTE,FR27ZAR02,ZAR DIJON,FR26005,Périurbaine,PM10,Fond,Oui,mesures fixes,Moy. journalière,21.0,21.1708333333,µg-m3,100.0,100,100.0,A,1,47.307368,5.065881
Dijon Trémouille,0.0301369863013698,ATMO BOURGOGNE-FRANCHE-COMTE,FR27ZAR02,ZAR DIJON,FR26014,Urbaine,PM10,Fond,Oui,mesures fixes,Moy. journalière,17.0,17.0208333333,µg-m3,100.0,100,100.0,A,1,47.325744,5.041056
Dole centre,0.2438356164383561,ATMO BOURGOGNE-FRANCHE-COMTE,FR27ZRE01,ZR BOURGOGNE-FRANCHE-COMTE,FR82040,Urbaine,O3,Fond,Oui,mesures fixes,Max. journalier moy. hor.,70.3,70.325,µg-m3,100.0,100,100.0,A,1,47.09672,5.496389
Lons-le-Saunier CV,0.2904109589041095,ATMO BOURGOGNE-FRANCHE-COMTE,FR27ZRE01,ZR BOURGOGNE-FRANCHE-COMTE,FR82050,Urbaine,O3,Fond,Oui,mesures fixes,Max. journalier moy. hor.,76.0,76.0,µg-m3,100.0,100,100.0,A,1,46.671321,5.55662
Macon Paul Bert,0.273972602739726,ATMO BOURGOGNE-FRANCHE-COMTE,FR27ZRE01,ZR BOURGOGNE-FRANCHE-COMTE,FR32006,Périurbaine,O3,Fond,Oui,mesures fixes,Max. journalier moy. hor.,74.8,74.75,µg-m3,100.0,100,100.0,A,1,46.316172,4.839994
Montandon Baresans,0.1671309192200557,ATMO BOURGOGNE-FRANCHE-COMTE,FR27ZRE01,ZR BOURGOGNE-FRANCHE-COMTE,FR82030,Rurale nationale,O3,Fond,Oui,mesures fixes,Max. journalier moy. hor.,78.8,78.775,µg-m3,100.0,100,100.0,A,1,47.29464,6.825861
Montbéliard centre,0.2356164383561644,ATMO BOURGOGNE-FRANCHE-COMTE,FR27ZAR01,ZAR BELFORT-MONTBELIARD,FR82010,Urbaine,PM10,Fond,Oui,mesures fixes,Moy. journalière,21.0,20.65,µg-m3,100.0,100,100.0,R,1,47.510307,6.794
Montceau-les-Mines 9me écluse,0.2314049586776859,ATMO BOURGOGNE-FRANCHE-COMTE,FR27ZRE01,ZR BOURGOGNE-FRANCHE-COMTE,FR32005,Urbaine,NO2,Fond,Oui,mesures fixes,Max. journalier moy. hor.,41.2,41.2,µg-m3,100.0,100,100.0,A,1,46.678785,4.366893
Montfaucon,0.2825484764542936,ATMO BOURGOGNE-FRANCHE-COMTE,FR27ZAR03,ZAR BESANCON,FR82005,Périurbaine,O3,Fond,Oui,mesures fixes,Max. journalier moy. hor.,77.7,77.65,µg-m3,100.0,100,100.0,A,1,47.23461,6.076472
Morvan,0.2354570637119113,ATMO BOURGOGNE-FRANCHE-COMTE,FR27ZRE01,ZR BOURGOGNE-FRANCHE-COMTE,FR26012,Rurale nationale,O3,Fond,Oui,mesures fixes,Max. journalier moy. hor.,75.3,75.325,µg-m3,100.0,100,100.0,A,1,47.274762,4.099476
Nevers,0.1726027397260274,ATMO BOURGOGNE-FRANCHE-COMTE,FR27ZRE01,ZR BOURGOGNE-FRANCHE-COMTE,FR26017,Urbaine,O3,Fond,Oui,mesures fixes,Max. journalier moy. hor.,68.0,67.95,µg-m3,100.0,100,100.0,A,1,46.996828,3.171092
Sens,0.0105263157894736,ATMO BOURGOGNE-FRANCHE-COMTE,FR27ZRE01,ZR BOURGOGNE-FRANCHE-COMTE,FR26016,Urbaine,O3,Fond,Oui,mesures fixes,Max. journalier moy. hor.,57.2,57.2,µg-m3,54.0,100,54.0,N,-1,48.200436,3.2773
Tavaux,0.0,ATMO BOURGOGNE-FRANCHE-COMTE,FR27ZRE01,ZR BOURGOGNE-FRANCHE-COMTE,FR82041,Rurale près des villes,NO2,Industrielle,Oui,mesures fixes,Max. journalier moy. hor.,1.1,1.05,µg-m3,100.0,100,100.0,A,1,47.04261,5.400897
Vesoul Pres Caillet,0.2672176308539944,ATMO BOURGOGNE-FRANCHE-COMTE,FR27ZRE01,ZR BOURGOGNE-FRANCHE-COMTE,FR82060,Urbaine,O3,Fond,Oui,mesures fixes,Max. journalier moy. hor.,71.4,71.375,µg-m3,100.0,100,100.0,A,1,47.620022,6.157642
Atton,0.0,ATMO GRAND EST,FR44ZRE01,ZR GRAND-EST,FR01016,Rurale près des villes,NO2,Industrielle,Oui,mesures fixes,Max. journalier moy. hor.,24.2,24.2,µg-m3,100.0,100,100.0,A,1,48.886387,6.093611
BETHENY,0.1726027397260274,ATMO GRAND EST,FR44ZAR01,ZAR REIMS,FR14010,Périurbaine,O3,Fond,Oui,mesures fixes,Max. journalier moy. hor.,59.5,59.475,µg-m3,100.0,100,100.0,R,1,49.28222,4.051111
Belleville sur Meuse,0.0328767123287671,ATMO GRAND EST,FR44ZRE01,ZR GRAND-EST,FR01065,Urbaine,NO2,Trafic,Oui,mesures indicatives,Max. journalier moy. hor.,45.1,45.125,µg-m3,100.0,100,100.0,A,1,49.16778,5.387461
C.C.3 Frontières,0.0027777777777777,ATMO GRAND EST,FR44ZRE01,ZR GRAND-EST,FR16060,Périurbaine,PM10,Fond,Oui,mesures fixes,Moy. journalière,52.0,52.1708333333,µg-m3,100.0,100,100.0,A,1,47.594913,7.568175
CHALONS,0.1643835616438356,ATMO GRAND EST,FR44ZRE01,ZR GRAND-EST,FR14022,Urbaine,O3,Fond,Oui,mesures fixes,Max. journalier moy. hor.,59.6,59.6,µg-m3,100.0,100,100.0,R,1,48.962223,4.36
CHARLEVILLE,0.1863013698630137,ATMO GRAND EST,FR44ZRE01,ZR GRAND-EST,FR14051,Urbaine,O3,Fond,Oui,mesures fixes,Max. journalier moy. hor.,56.5,56.45,µg-m3,100.0,100,100.0,R,1,49.745277,4.719167
Capitainerie,0.1671232876712328,ATMO GRAND EST,FR44ZRE01,ZR GRAND-EST,FR14029,Périurbaine,O3,Fond,Oui,mesures fixes,Max. journalier moy. hor.,62.2,62.225,µg-m3,100.0,100,100.0,A,1,48.7266,4.594781
Chalampé,0.0027397260273972,ATMO GRAND EST,FR44ZRE01,ZR GRAND-EST,FR16059,Rurale près des villes,NO2,Industrielle,Oui,mesures fixes,Max. journalier moy. hor.,49.7,49.675,µg-m3,100.0,100,100.0,A,1,47.820248,7.538683
Colmar Centre,0.0082191780821917,ATMO GRAND EST,FR44ZRE01,ZR GRAND-EST,FR16054,Urbaine,PM10,Fond,Oui,mesures fixes,Moy. journalière,20.0,20.1791666667,µg-m3,100.0,100,100.0,A,1,48.074642,7.350667
Colmar Sud,0.2602739726027397,ATMO GRAND EST,FR44ZRE01,ZR GRAND-EST,FR16064,Périurbaine,O3,Fond,Oui,mesures fixes,Max. journalier moy. hor.,55.7,55.675,µg-m3,96.0,100,96.0,A,1,48.065414,7.333139
DOUMER,0.1150684931506849,ATMO GRAND EST,FR44ZAR01,ZAR REIMS,FR14011,Urbaine,PM10,Trafic,Oui,mesures fixes,Moy. journalière,14.0,13.6666666667,µg-m3,100.0,100,100.0,A,1,49.250732,4.023064
Donon Vosges Moyennes 2,0.1945205479452054,ATMO GRAND EST,FR44ZRE01,ZR GRAND-EST,FR16302,Rurale nationale,O3,Fond,Oui,mesures fixes,Max. journalier moy. hor.,73.7,73.7,µg-m3,100.0,100,100.0,A,1,48.492992,7.1298
Ecole de Carling(9),0.011049723756906,ATMO GRAND EST,FR44ZRE01,ZR GRAND-EST,FR22009,Périurbaine,PM10,Industrielle,Oui,mesures indicatives,Moy. journalière,14.0,14.2,µg-m3,100.0,100,100.0,A,1,49.165726,6.716886
Epinal,0.1671232876712328,ATMO GRAND EST,FR44ZRE01,ZR GRAND-EST,FR30019,Urbaine,O3,Fond,Oui,mesures fixes,Max. journalier moy. hor.,60.5,60.5,µg-m3,100.0,100,100.0,A,1,48.17278,6.452811
Fléville,0.0082191780821917,ATMO GRAND EST,FR44ZAG03,ZAG NANCY,FR30021,Périurbaine,PM10,Fond,Oui,mesures fixes,Moy. journalière,16.0,15.8583333333,µg-m3,100.0,100,100.0,A,1,48.621502,6.194922
Frolois,0.010958904109589,ATMO GRAND EST,FR44ZRE01,ZR GRAND-EST,FR30027,Urbaine,PM10,Industrielle,Oui,mesures indicatives,Moy. journalière,18.0,17.8625,µg-m3,100.0,100,100.0,A,1,48.565445,6.129578
HAYANGE-MARSPICH,0.0109890109890109,ATMO GRAND EST,FR44ZAG02,ZAG METZ,FR01059,Périurbaine,PM10,Industrielle,Oui,mesures indicatives,Moy. journalière,12.0,11.5166666667,µg-m3,100.0,100,100.0,A,1,49.3374,6.08207
Haguenau-Place marché aux bestiaux,0.2821917808219178,ATMO GRAND EST,FR44ZRE01,ZR GRAND-EST,FR42011,Urbaine,PM2.5,Fond,Oui,mesures fixes,Moy. journalière,13.0,12.6541666667,µg-m3,100.0,100,100.0,A,1,48.818352,7.786409
Heming,0.0082191780821917,ATMO GRAND EST,FR44ZRE01,ZR GRAND-EST,FR30032,Rurale près des villes,PM10,Industrielle,Oui,mesures fixes,Moy. journalière,24.0,23.5791666667,µg-m3,100.0,100,100.0,A,1,48.694725,6.965275
Hotel Districal,0.0054945054945054,ATMO GRAND EST,FR44ZAG03,ZAG NANCY,FR30016,Urbaine,NO2,Trafic,Oui,mesures fixes,Max. journalier moy. hor.,14.1,14.1,µg-m3,100.0,100,100.0,A,1,48.685856,6.175111
Jean d Aulan,0.1785714285714285,ATMO GRAND EST,FR44ZAR01,ZAR REIMS,FR14012,Urbaine,PM2.5,Fond,Oui,mesures fixes,Moy. journalière,11.0,11.1583333333,µg-m3,100.0,100,100.0,A,1,49.224167,4.020556
Jonville en Woevre,0.2328767123287671,ATMO GRAND EST,FR44ZRE01,ZR GRAND-EST,FR30033,Rurale régionale,O3,Fond,Oui,mesures fixes,Max. journalier moy. hor.,61.9,61.875,µg-m3,96.0,100,96.0,A,1,49.06583,5.785556
LA TOUR,0.0,ATMO GRAND EST,FR44ZRE01,ZR GRAND-EST,FR14031,Urbaine,PM10,Fond,Oui,mesures fixes,Moy. journalière,11.0,11.2125,µg-m3,100.0,100,100.0,A,1,48.301666,4.076944
Luneville,0.0383561643835616,ATMO GRAND EST,FR44ZRE01,ZR GRAND-EST,FR30026,Urbaine,PM2.5,Trafic,Oui,mesures fixes,Moy. journalière,11.0,11.2105263158,µg-m3,79.0,100,79.0,R,1,48.584824,6.4839
Metz- Pont Grilles,0.0136986301369863,ATMO GRAND EST,FR44ZAG02,ZAG METZ,FR01064,Urbaine,NO2,Trafic,Oui,mesures fixes,Max. journalier moy. hor.,45.5,45.5,µg-m3,100.0,100,100.0,A,1,49.12508,6.181219
Metz-Borny,0.0027397260273972,ATMO GRAND EST,FR44ZAG02,ZAG METZ,FR01012,Urbaine,PM10,Fond,Oui,mesures fixes,Moy. journalière,12.0,11.975,µg-m3,100.0,100,100.0,A,1,49.110283,6.223336
Metz-Centre,0.1644204851752021,ATMO GRAND EST,FR44ZAG02,ZAG METZ,FR01011,Urbaine,O3,Fond,Oui,mesures fixes,Max. journalier moy. hor.,58.9,58.9,µg-m3,100.0,100,100.0,A,1,49.119442,6.180833
Mulhouse Est,0.2301369863013698,ATMO GRAND EST,FR44ZRE01,ZR GRAND-EST,FR16065,Périurbaine,O3,Fond,Oui,mesures fixes,Max. journalier moy. hor.,64.9,64.85,µg-m3,100.0,100,100.0,A,1,47.723106,7.341603
Mulhouse Nord,0.0328767123287671,ATMO GRAND EST,FR44ZRE01,ZR GRAND-EST,FR16057,Urbaine,PM10,Fond,Oui,mesures fixes,Moy. journalière,21.0,21.075,µg-m3,100.0,100,100.0,A,1,47.757435,7.347294
Mulhouse Sud 2,0.2493150684931507,ATMO GRAND EST,FR44ZRE01,ZR GRAND-EST,FR16066,Urbaine,PM10,Fond,Oui,mesures fixes,Moy. journalière,25.0,25.3791666667,µg-m3,100.0,100,100.0,A,1,47.737415,7.309075
Mulhouse-Briand,0.0986301369863013,ATMO GRAND EST,FR44ZRE01,ZR GRAND-EST,FR16069,Urbaine,NO2,Trafic,Oui,mesures fixes,Max. journalier moy. hor.,102.1,102.1,µg-m3,100.0,100,100.0,A,1,47.747684,7.321364
Nancy-Brabois 2,0.2054794520547945,ATMO GRAND EST,FR44ZAG03,ZAG NANCY,FR30037,Périurbaine,O3,Fond,Oui,mesures fixes,Max. journalier moy. hor.,65.7,65.7,µg-m3,100.0,100,100.0,A,1,48.656944,6.136022
Nancy-Charles III,0.2054794520547945,ATMO GRAND EST,FR44ZAG03,ZAG NANCY,FR30034,Urbaine,O3,Fond,Oui,mesures fixes,Max. journalier moy. hor.,62.3,62.3,µg-m3,100.0,100,100.0,R,1,48.68817,6.190431
Nancy-Libération,0.0328767123287671,ATMO GRAND EST,FR44ZAG03,ZAG NANCY,FR30036,Urbaine,PM2.5,Trafic,Oui,mesures fixes,Moy. journalière,9.8,9.7625,µg-m3,100.0,100,100.0,A,1,48.69708,6.154194
Neuves-Maisons,0.0383561643835616,ATMO GRAND EST,FR44ZAG03,ZAG NANCY,FR30030,Urbaine,PM10,Industrielle,Oui,mesures fixes,Moy. journalière,21.0,21.2708333333,µg-m3,100.0,100,100.0,A,1,48.614914,6.107672
Nord-Est Alsace,0.2136986301369863,ATMO GRAND EST,FR44ZRE01,ZR GRAND-EST,FR16017,Rurale régionale,O3,Fond,Oui,mesures fixes,Max. journalier moy. hor.,60.0,59.975,µg-m3,100.0,100,100.0,A,1,48.919357,8.158458
Pont-à-Mousson,0.0082191780821917,ATMO GRAND EST,FR44ZRE01,ZR GRAND-EST,FR01014,Urbaine,PM10,Fond,Oui,mesures indicatives,Moy. journalière,19.0,19.3391304348,µg-m3,96.0,100,96.0,A,1,48.915,6.058336
REVIN,0.1726027397260274,ATMO GRAND EST,FR44ZRE01,ZR GRAND-EST,FR14008,Rurale nationale,O3,Fond,Oui,mesures fixes,Max. journalier moy. hor.,55.5,55.525,µg-m3,100.0,100,100.0,A,1,49.90778,4.63
Rempart Perrier,0.0465753424657534,ATMO GRAND EST,FR44ZRE01,ZR GRAND-EST,FR14028,Urbaine,PM10,Trafic,Oui,mesures fixes,Moy. journalière,14.0,14.3291666667,µg/m3,100.0,100,100.0,A,1,49.0461,3.955911
SCHOENECK (19),0.0,ATMO GRAND EST,FR44ZRE01,ZR GRAND-EST,FR22019,Périurbaine,PM10,Fond,Oui,mesures fixes,Moy. journalière,16.0,16.3083333333,µg-m3,100.0,100,100.0,A,1,49.220364,6.925833
ST PARRES AUX TERTRE,0.1315068493150684,ATMO GRAND EST,FR44ZRE01,ZR GRAND-EST,FR14032,Périurbaine,O3,Fond,Oui,mesures fixes,Max. journalier moy. hor.,54.9,54.925,µg-m3,100.0,100,100.0,R,1,48.299168,4.117222
STE SAVINE,0.0385674931129476,ATMO GRAND EST,FR44ZRE01,ZR GRAND-EST,FR14033,Urbaine,PM10,Fond,Oui,mesures fixes,Moy. journalière,12.0,11.575,µg-m3,100.0,100,100.0,A,1,48.295002,4.050278
Schlucht,0.1863013698630137,ATMO GRAND EST,FR44ZRE01,ZR GRAND-EST,FR30028,Rurale près des villes,O3,Fond,Oui,mesures fixes,Max. journalier moy. hor.,77.5,77.45,µg-m3,100.0,100,100.0,A,1,48.051117,7.011114
Scy-Chazelles,0.1643835616438356,ATMO GRAND EST,FR44ZAG02,ZAG METZ,FR01018,Périurbaine,O3,Fond,Oui,mesures fixes,Max. journalier moy. hor.,73.1,73.125,µg-m3,100.0,100,100.0,A,1,49.107502,6.122775
Spicheren(14),0.0,ATMO GRAND EST,FR44ZRE01,ZR GRAND-EST,FR22014,Périurbaine,NO2,Fond,Oui,mesures indicatives,Max. journalier moy. hor.,6.5,6.45,µg-m3,100.0,100,100.0,A,1,49.19539,6.957444
St DIZIER L. Michel,0.1835616438356164,ATMO GRAND EST,FR44ZRE01,ZR GRAND-EST,FR14042,Urbaine,O3,Fond,Oui,mesures fixes,Max. journalier moy. hor.,65.4,65.4,µg-m3,100.0,100,100.0,A,1,48.645836,4.966111
Station de FORBACH,0.2547945205479452,ATMO GRAND EST,FR44ZRE01,ZR GRAND-EST,FR22054,Urbaine,O3,Fond,Oui,mesures fixes,Max. journalier moy. hor.,67.6,67.6,µg-m3,96.0,100,96.0,A,1,49.18742,6.910867
Strasbourg A35,0.1095890410958904,ATMO GRAND EST,FR44ZAG01,ZAG STRASBOURG,FR16040,Urbaine,NO2,Trafic,Oui,mesures fixes,Max. journalier moy. hor.,87.9,87.925,µg-m3,100.0,100,100.0,A,1,48.575985,7.727478
Strasbourg A35 Remparts,0.1616438356164383,ATMO GRAND EST,FR44ZAG01,ZAG STRASBOURG,FR16215,Urbaine,NO2,Trafic,Oui,mesures fixes,Max. journalier moy. hor.,95.8,95.775,µg-m3,100.0,100,100.0,A,1,48.588056,7.729722
Strasbourg Clemenceau,0.1315068493150684,ATMO GRAND EST,FR44ZAG01,ZAG STRASBOURG,FR16034,Urbaine,NO2,Trafic,Oui,mesures fixes,Max. journalier moy. hor.,94.6,94.575,µg-m3,100.0,100,100.0,A,1,48.59043,7.744983
Strasbourg Neudorf Ecoquartier Danube,0.0794520547945205,ATMO GRAND EST,FR44ZAG01,ZAG STRASBOURG,FR42010,Urbaine,PM10,Fond,Oui,mesures fixes,Moy. journalière,23.0,23.1416666667,µg-m3,100.0,100,100.0,A,1,48.572808,7.767833
Strasbourg Nord,0.2383561643835616,ATMO GRAND EST,FR44ZAG01,ZAG STRASBOURG,FR16029,Urbaine,PM10,Fond,Oui,mesures fixes,Moy. journalière,23.0,22.7375,µg-m3,100.0,100,100.0,A,1,48.610363,7.781631
Strasbourg Sud 2,0.2445054945054945,ATMO GRAND EST,FR44ZAG01,ZAG STRASBOURG,FR16041,Périurbaine,O3,Fond,Oui,mesures fixes,Max. journalier moy. hor.,49.1,49.1,µg-m3,100.0,100,100.0,A,1,48.5157,7.687819
Thann,0.0027548209366391,ATMO GRAND EST,FR44ZRE01,ZR GRAND-EST,FR16052,Urbaine,SO2,Industrielle,Oui,mesures fixes,Max. journalier moy. hor.,1.6,1.55,µg-m3,100.0,100,100.0,R,1,47.810932,7.105553
Thionville-Centre,0.0246575342465753,ATMO GRAND EST,FR44ZAG02,ZAG METZ,FR01020,Urbaine,NO2,Fond,Oui,mesures fixes,Max. journalier moy. hor.,40.1,40.125,µg-m3,100.0,100,100.0,A,1,49.358337,6.156942
Thionville-Garche,0.260233918128655,ATMO GRAND EST,FR44ZAG02,ZAG METZ,FR01021,Périurbaine,O3,Fond,Oui,mesures fixes,Max. journalier moy. hor.,68.4,68.375,µg-m3,54.0,100,54.0,N,-1,49.394444,6.201392
Thionville-Piscine,0.0,ATMO GRAND EST,FR44ZAG02,ZAG METZ,FR01019,Urbaine,PM10,Fond,Oui,mesures fixes,Moy. journalière,14.0,13.5458333333,µg-m3,100.0,100,100.0,A,1,49.36861,6.160831
Troyes La Tour ,0.0,ATMO GRAND EST,FR44ZRE01,ZR GRAND-EST,FR14031,Urbaine,NO2,Fond,Oui,mesures fixes,Max. journalier moy. hor.,8.6,8.6,µg-m3,100.0,100,100.0,A,1,48.301666,4.076944
Vieux Thann 3,0.0083565459610027,ATMO GRAND EST,FR44ZRE01,ZR GRAND-EST,FR16067,Urbaine,SO2,Fond,Oui,mesures fixes,Max. journalier moy. hor.,1.6,1.625,µg-m3,100.0,100,100.0,R,1,47.80221,7.122844
Vosges du Nord,0.2624309392265193,ATMO GRAND EST,FR44ZRE01,ZR GRAND-EST,FR16031,Rurale régionale,O3,Fond,Oui,mesures fixes,Max. journalier moy. hor.,67.8,67.8,µg-m3,100.0,100,100.0,A,1,48.85731,7.314175
Arrest,0.1586402266288951,ATMO HAUTS DE FRANCE,FR32ZRE01,ZR HAUTS-DE-FRANCE,FR18039,Rurale régionale,O3,Fond,Oui,mesures fixes,Max. journalier moy. hor.,73.4,73.43333,µg-m3,100.0,100,100.0,R,1,50.129448,1.610833
Bethune Stade,0.1568627450980392,ATMO HAUTS DE FRANCE,FR32ZAG01,ZAG BLDV,FR28028,Urbaine,PM10,Fond,Oui,mesures fixes,Moy. journalière,11.0,11.2833333333,µg-m3,100.0,100,100.0,A,1,50.535385,2.635692
Boulogne Diderot,0.0301369863013698,ATMO HAUTS DE FRANCE,FR32ZAR01,ZAR COTE-D-OPALE,FR10030,Urbaine,PM10,Trafic,Oui,mesures fixes,Moy. journalière,0.0,0.0,µg-m3,0.0,100,0.0,N,-1,50.717029,1.605913
Calais Berthelot,0.047008547008547,ATMO HAUTS DE FRANCE,FR32ZAR01,ZAR COTE-D-OPALE,FR10016,Urbaine,PM10,Fond,Oui,mesures fixes,Moy. journalière,15.0,15.3583333333,µg-m3,100.0,100,100.0,A,1,50.94729,1.84308
Calais Parmentier,0.1123287671232876,ATMO HAUTS DE FRANCE,FR32ZAR01,ZAR COTE-D-OPALE,FR10026,Urbaine,PM10,Fond,Oui,mesures fixes,Moy. journalière,24.0,23.7208333333,µg-m3,100.0,100,100.0,A,1,50.9578,1.89008
Campagne les B.,0.1101449275362318,ATMO HAUTS DE FRANCE,FR32ZRE01,ZR HAUTS-DE-FRANCE,FR10132,Rurale régionale,O3,Fond,Oui,mesures fixes,Max. journalier moy. hor.,79.3,79.26667,µg-m3,100.0,100,100.0,R,1,50.61048,1.99145
Cappelle la Grande,0.1123287671232876,ATMO HAUTS DE FRANCE,FR32ZAR01,ZAR COTE-D-OPALE,FR10029,Périurbaine,PM10,Fond,Oui,mesures fixes,Moy. journalière,25.0,24.5666666667,µg-m3,100.0,100,100.0,A,1,50.99594,2.36627
Cartignies,0.1703296703296703,ATMO HAUTS DE FRANCE,FR32ZRE01,ZR HAUTS-DE-FRANCE,FR06133,Rurale près des villes,O3,Fond,Oui,mesures fixes,Max. journalier moy. hor.,56.4,56.4,µg-m3,100.0,100,100.0,R,1,50.09225,3.85003
Denain Villars,0.1835616438356164,ATMO HAUTS DE FRANCE,FR32ZAG01,ZAG BLDV,FR06011,Périurbaine,O3,Fond,Oui,mesures fixes,Max. journalier moy. hor.,61.8,61.75,µg-m3,100.0,100,100.0,R,1,50.32276,3.39593
Douai Theuriet,0.2054794520547945,ATMO HAUTS DE FRANCE,FR32ZAG01,ZAG BLDV,FR06003,Urbaine,O3,Fond,Oui,mesures fixes,Max. journalier moy. hor.,59.8,59.75,µg-m3,100.0,100,100.0,R,1,50.37822,3.06586
Faiencerie Creil,0.1988795518207282,ATMO HAUTS DE FRANCE,FR32ZAR03,ZAR CREIL,FR18043,Urbaine,O3,Fond,Oui,mesures fixes,Max. journalier moy. hor.,58.5,58.45,µg-m3,100.0,100,100.0,R,1,49.259552,2.474397
Grande-synthe,0.0576923076923076,ATMO HAUTS DE FRANCE,FR32ZAR01,ZAR COTE-D-OPALE,FR10034,Urbaine,PM10,Industrielle,Oui,mesures fixes,Moy. journalière,12.0,12.3791666667,µg-m3,100.0,100,100.0,R,1,51.02446,2.30215
Gravelines PC/Drire,0.0301369863013698,ATMO HAUTS DE FRANCE,FR32ZAR01,ZAR COTE-D-OPALE,FR10028,Périurbaine,PM10,Industrielle,Oui,mesures fixes,Moy. journalière,16.0,15.775,µg-m3,100.0,100,100.0,A,1,50.98106,2.14317
Halluin stade,0.1194444444444444,ATMO HAUTS DE FRANCE,FR32ZAG02,ZAG LILLE,FR11026,Périurbaine,O3,Fond,Oui,mesures fixes,Max. journalier moy. hor.,60.6,60.575,µg-m3,50.0,100,50.0,N,-1,50.775482,3.12568
Harnes Serres,0.1754874651810584,ATMO HAUTS DE FRANCE,FR32ZAG01,ZAG BLDV,FR28010,Périurbaine,O3,Fond,Oui,mesures fixes,Max. journalier moy. hor.,58.0,58.0,µg-m3,100.0,100,100.0,R,1,50.44914,2.9
Lens Varsovie,0.0137741046831955,ATMO HAUTS DE FRANCE,FR32ZAG01,ZAG BLDV,FR28115,Urbaine,PM10,Trafic,Oui,mesures fixes,Moy. journalière,11.0,10.525,µg-m3,100.0,100,100.0,A,1,50.428604,2.836111
Lille Leeds,0.0526315789473684,ATMO HAUTS DE FRANCE,FR32ZAG02,ZAG LILLE,FR11007,Urbaine,PM2.5,Trafic,Oui,mesures fixes,Moy. journalière,0.0,0.0,µg-m3,0.0,100,0.0,N,-1,50.6407944,3.074772
Malo-les-Bains,0.0909090909090909,ATMO HAUTS DE FRANCE,FR32ZAR01,ZAR COTE-D-OPALE,FR10004,Urbaine,PM10,Fond,Oui,mesures fixes,Moy. journalière,14.0,14.05,µg-m3,100.0,100,100.0,A,1,51.04858,2.42004
Marcq CTM,0.0056980056980056,ATMO HAUTS DE FRANCE,FR32ZAG02,ZAG LILLE,FR11016,Urbaine,O3,Fond,Oui,mesures fixes,Max. journalier moy. hor.,71.0,70.96667,µg-m3,100.0,100,100.0,R,1,50.67003,3.07656
Mardyck,0.0358126721763085,ATMO HAUTS DE FRANCE,FR32ZAR01,ZAR COTE-D-OPALE,FR10012,Périurbaine,PM10,Industrielle,Oui,mesures fixes,Moy. journalière,11.0,10.8166666667,µg-m3,100.0,100,100.0,R,1,51.01943,2.25099
Maubeuge Joyeuse,0.1043956043956044,ATMO HAUTS DE FRANCE,FR32ZRE01,ZR HAUTS-DE-FRANCE,FR06007,Urbaine,O3,Fond,Oui,mesures fixes,Max. journalier moy. hor.,62.2,62.175,µg-m3,100.0,100,100.0,R,1,50.27936,3.97691
Neuilly-Saint-Front,0.1123287671232876,ATMO HAUTS DE FRANCE,FR32ZRE01,ZR HAUTS-DE-FRANCE,FR18057,Rurale régionale,O3,Fond,Oui,mesures fixes,Max. journalier moy. hor.,57.7,57.7,µg-m3,100.0,100,100.0,R,1,49.174931,3.260819
Noeux-les-Mines,0.1178082191780822,ATMO HAUTS DE FRANCE,FR32ZAG01,ZAG BLDV,FR28033,Périurbaine,O3,Fond,Oui,mesures fixes,Max. journalier moy. hor.,72.7,72.7,µg-m3,100.0,100,100.0,R,1,50.48972,2.66642
Outreau,0.0575342465753424,ATMO HAUTS DE FRANCE,FR32ZAR01,ZAR COTE-D-OPALE,FR10032,Périurbaine,PM10,Fond,Oui,mesures fixes,Moy. journalière,24.0,23.9333333333,µg-m3,100.0,100,100.0,A,1,50.69435,1.57657
P. Roth St Quentin,0.1397260273972602,ATMO HAUTS DE FRANCE,FR32ZRE01,ZR HAUTS-DE-FRANCE,FR18042,Urbaine,O3,Fond,Oui,mesures fixes,Max. journalier moy. hor.,58.3,58.3,µg-m3,100.0,100,100.0,R,1,49.851334,3.284
Roubaix Serres,0.1232876712328767,ATMO HAUTS DE FRANCE,FR32ZAG02,ZAG LILLE,FR11034,Urbaine,PM10,Trafic,Oui,mesures fixes,Moy. journalière,11.0,10.8260869565,µg-m3,96.0,100,96.0,A,1,50.706535,3.18066
Roye,0.1404494382022472,ATMO HAUTS DE FRANCE,FR32ZRE01,ZR HAUTS-DE-FRANCE,FR18045,Rurale près des villes,O3,Fond,Oui,mesures fixes,Max. journalier moy. hor.,60.0,60.0,µg-m3,100.0,100,100.0,R,1,49.696697,2.801139
Saint Amand,0.1077348066298342,ATMO HAUTS DE FRANCE,FR32ZAG01,ZAG BLDV,FR06134,Périurbaine,O3,Fond,Oui,mesures fixes,Max. journalier moy. hor.,58.9,58.875,µg-m3,100.0,100,100.0,R,1,50.45647,3.42794
Salouel,0.1123287671232876,ATMO HAUTS DE FRANCE,FR32ZAR02,ZAR AMIENS,FR18035,Périurbaine,O3,Fond,Oui,mesures fixes,Max. journalier moy. hor.,65.6,65.625,µg-m3,100.0,100,100.0,R,1,49.86889,2.239806
Sangatte,0.0630136986301369,ATMO HAUTS DE FRANCE,FR32ZAR01,ZAR COTE-D-OPALE,FR10025,Périurbaine,PM10,Fond,Oui,mesures fixes,Moy. journalière,21.0,21.45,µg-m3,100.0,100,100.0,A,1,50.94989,1.76917
St Omer Ribot,0.0611111111111111,ATMO HAUTS DE FRANCE,FR32ZAR01,ZAR COTE-D-OPALE,FR10041,Urbaine,PM10,Fond,Oui,mesures fixes,Moy. journalière,11.0,11.2291666667,µg-m3,100.0,100,100.0,A,1,50.74823,2.25978
St Pierre Amiens,0.1068493150684931,ATMO HAUTS DE FRANCE,FR32ZAR02,ZAR AMIENS,FR18053,Urbaine,O3,Fond,Oui,mesures fixes,Max. journalier moy. hor.,64.7,64.65,µg-m3,100.0,100,100.0,R,1,49.901667,2.304597
St Pol mer - cheminots,0.1267217630853994,ATMO HAUTS DE FRANCE,FR32ZAR01,ZAR COTE-D-OPALE,FR10017,Urbaine,PM10,Fond,Oui,mesures fixes,Moy. journalière,23.0,22.7125,µg-m3,100.0,100,100.0,A,1,51.032761,2.332358
St-Laurent-Blangy,0.1294765840220385,ATMO HAUTS DE FRANCE,FR32ZAR04,ZAR ARRAS,FR28022,Périurbaine,O3,Fond,Oui,mesures fixes,Max. journalier moy. hor.,60.4,60.375,µg-m3,100.0,100,100.0,R,1,50.30886,2.807369
TRAF Saint Quent 14,0.0803324099722991,ATMO HAUTS DE FRANCE,FR32ZRE01,ZR HAUTS-DE-FRANCE,FR18080,Urbaine,PM2.5,Trafic,Oui,mesures fixes,Moy. journalière,6.9,6.8818181818,µg-m3,92.0,100,92.0,A,1,49.84282,3.281439
TRAFIC AMIENS,0.0712328767123287,ATMO HAUTS DE FRANCE,FR32ZAR02,ZAR AMIENS,FR18079,Urbaine,PM2.5,Trafic,Oui,mesures fixes,Moy. journalière,8.3,8.3333333333,µg-m3,100.0,100,100.0,A,1,49.87722,2.2825
Tourcoing Houpline,0.2077151335311572,ATMO HAUTS DE FRANCE,FR32ZAG02,ZAG LILLE,FR11038,Urbaine,PM2.5,Fond,Oui,mesures fixes,Moy. journalière,13.0,12.7333333333,µg-m3,38.0,100,38.0,N,-1,50.733333,3.173611
Trafic Beauvais 1,0.0684931506849315,ATMO HAUTS DE FRANCE,FR32ZRE01,ZR HAUTS-DE-FRANCE,FR18089,Urbaine,PM10,Trafic,Oui,mesures fixes,Moy. journalière,18.0,17.7625,µg-m3,100.0,100,100.0,A,1,49.435932,2.084292
Valenciennes Acacias,0.1342465753424657,ATMO HAUTS DE FRANCE,FR32ZAG01,ZAG BLDV,FR06001,Urbaine,O3,Fond,Oui,mesures fixes,Max. journalier moy. hor.,60.8,60.8,µg-m3,100.0,100,100.0,R,1,50.35853,3.50804
Valenciennes Wallon,0.0858725761772853,ATMO HAUTS DE FRANCE,FR32ZAG01,ZAG BLDV,FR06006,Urbaine,PM10,Trafic,Oui,mesures fixes,Moy. journalière,13.0,12.9958333333,µg-m3,100.0,100,100.0,A,1,50.36425,3.52273
Wattignies,0.1166180758017492,ATMO HAUTS DE FRANCE,FR32ZAG02,ZAG LILLE,FR11114,Périurbaine,O3,Fond,Oui,mesures fixes,Max. journalier moy. hor.,65.3,65.275,µg-m3,42.0,100,42.0,N,-1,50.59774,3.04946
Alençon Météo-France,0.1671232876712328,ATMO NORMANDIE,FR28ZRE02,ZR NORMANDIE,FR21031,Périurbaine,O3,Fond,Oui,mesures fixes,Max. journalier moy. hor.,73.3,73.3,µg-m3,100.0,100,100.0,A,1,48.445553,0.110833
Base loisirs Poses,0.1707988980716253,ATMO NORMANDIE,FR28ZRE02,ZR NORMANDIE,FR25049,Rurale près des villes,O3,Fond,Oui,mesures fixes,Max. journalier moy. hor.,72.6,72.55,µg-m3,100.0,100,100.0,R,1,49.30487,1.214367
Bures-en-bray,0.0903790087463556,ATMO NORMANDIE,FR28ZRE02,ZR NORMANDIE,FR25050,Rurale régionale,O3,Fond,Oui,mesures fixes,Max. journalier moy. hor.,76.6,76.6,µg-m3,100.0,100,100.0,A,1,49.78122,1.345083
Caen Chemin-Vert,0.1178082191780822,ATMO NORMANDIE,FR28ZAR02,ZAR CAEN,FR21001,Urbaine,O3,Fond,Oui,mesures fixes,Max. journalier moy. hor.,75.0,74.95,µg-m3,100.0,100,100.0,A,1,49.19222,-0.391111
Caen Montalivet ,0.0578034682080924,ATMO NORMANDIE,FR28ZAR02,ZAR CAEN,FR21101,Urbaine,PM10,Trafic,Oui,mesures fixes,Moy. journalière,0.0,0.0,µg-m3,0.0,100,0.0,N,-1,49.1798333190825,-0.329750000088734
Caen Vaucelles,0.0,ATMO NORMANDIE,FR28ZAR02,ZAR CAEN,FR21016,Urbaine,PM10,Trafic,Oui,mesures fixes,Moy. journalière,0.0,0.0,µg-m3,0.0,100,0.0,N,-1,49.175278,-0.353611
Caucriauville,0.0301369863013698,ATMO NORMANDIE,FR28ZAR01,ZAR LE-HAVRE,FR05037,Urbaine,SO2,Fond,Oui,mesures fixes,Max. journalier moy. hor.,0.8,0.775,µg-m3,100.0,100,100.0,R,1,49.503906,0.175731
Centre Hospitalier,0.1506849315068493,ATMO NORMANDIE,FR28ZAG01,ZAG ROUEN,FR25043,Urbaine,O3,Fond,Oui,mesures fixes,Max. journalier moy. hor.,78.3,78.325,µg-m3,100.0,100,100.0,R,1,49.4005,1.099042
Cherbourg Hotel de Ville,0.1013698630136986,ATMO NORMANDIE,FR28ZRE02,ZR NORMANDIE,FR21038,Urbaine,O3,Fond,Oui,mesures fixes,Max. journalier moy. hor.,78.2,78.2,µg-m3,100.0,100,100.0,A,1,49.64225,-1.624361
Cherbourg PMF,0.0225988700564971,ATMO NORMANDIE,FR28ZRE02,ZR NORMANDIE,FR21039,Urbaine,PM10,Trafic,Oui,mesures fixes,Moy. journalière,0.0,0.0,µg-m3,0.0,100,0.0,N,-1,49.6338888888888,-1.62472222221668
Dieppe Golf,0.2172701949860724,ATMO NORMANDIE,FR28ZRE02,ZR NORMANDIE,FR25055,Périurbaine,O3,Fond,Oui,mesures fixes,Max. journalier moy. hor.,73.8,73.775,µg-m3,100.0,100,100.0,R,1,49.920492,1.047892
Dieppe prox-auto,0.0550964187327823,ATMO NORMANDIE,FR28ZRE02,ZR NORMANDIE,FR25051,Urbaine,PM10,Trafic,Oui,mesures fixes,Moy. journalière,12.0,12.0,µg-m3,100.0,100,100.0,A,1,49.918007,1.073972
Espace du Palais,0.1685082872928177,ATMO NORMANDIE,FR28ZAG01,ZAG ROUEN,FR25036,Urbaine,O3,Fond,Oui,mesures fixes,Max. journalier moy. hor.,72.7,72.725,µg-m3,92.0,100,92.0,R,1,49.442358,1.093789
Evreux Centre,0.1780821917808219,ATMO NORMANDIE,FR28ZRE02,ZR NORMANDIE,FR25039,Urbaine,O3,Fond,Oui,mesures fixes,Max. journalier moy. hor.,73.0,73.025,µg-m3,100.0,100,100.0,A,1,49.02134,1.148319
Fécamp,0.1089385474860335,ATMO NORMANDIE,FR28ZRE02,ZR NORMANDIE,FR05088,Périurbaine,O3,Fond,Oui,mesures fixes,Max. journalier moy. hor.,81.5,81.5,µg-m3,100.0,100,100.0,A,1,49.75,0.4159
Gd Couronne Mairie,0.010958904109589,ATMO NORMANDIE,FR28ZAG01,ZAG ROUEN,FR25035,Urbaine,PM10,Industrielle,Oui,mesures fixes,Moy. journalière,15.0,15.05,µg-m3,100.0,100,100.0,A,1,49.358215,1.007853
Gonfreville l Orcher,0.0273972602739726,ATMO NORMANDIE,FR28ZAR01,ZAR LE-HAVRE,FR05083,Urbaine,PM10,Industrielle,Oui,mesures fixes,Moy. journalière,10.0,9.8291666667,µg-m3,100.0,100,100.0,A,1,49.50273,0.232486
Harfleur Ecole Coty,0.0,ATMO NORMANDIE,FR28ZAR01,ZAR LE-HAVRE,FR05070,Urbaine,SO2,Fond,Oui,mesures fixes,Max. journalier moy. hor.,12.4,12.35,µg-m3,100.0,100,100.0,A,1,49.505,0.201694
Honfleur Sce Tech.,0.0646766169154228,ATMO NORMANDIE,FR28ZRE02,ZR NORMANDIE,FR05040,Urbaine,PM10,Fond,Oui,mesures fixes,Moy. journalière,12.0,11.65,µg-m3,100.0,100,100.0,A,1,49.415108,0.2437
IFS Caen sud,0.1397260273972602,ATMO NORMANDIE,FR28ZAR02,ZAR CAEN,FR21019,Urbaine,O3,Fond,Oui,mesures fixes,Max. journalier moy. hor.,76.4,76.425,µg-m3,100.0,100,100.0,A,1,49.15167,-0.352778
La Cerlangue,0.0,ATMO NORMANDIE,FR28ZAR01,ZAR LE-HAVRE,FR05081,Rurale près des villes,SO2,Industrielle,Oui,mesures fixes,Max. journalier moy. hor.,0.4,0.35,µg-m3,100.0,100,100.0,A,1,49.504036,0.411594
La Coulonche MERA,0.1616438356164383,ATMO NORMANDIE,FR28ZRE02,ZR NORMANDIE,FR21050,Rurale nationale,O3,Fond,Oui,mesures fixes,Max. journalier moy. hor.,75.2,75.2,µg-m3,100.0,100,100.0,A,1,48.645,-0.458333
Le Havre Ec. Herriot,0.1315068493150684,ATMO NORMANDIE,FR28ZAR01,ZAR LE-HAVRE,FR05074,Urbaine,O3,Fond,Oui,mesures fixes,Max. journalier moy. hor.,80.9,80.85,µg-m3,100.0,100,100.0,A,1,49.48963,0.100703
Le Havre Lafaurie-montant,0.0684931506849315,ATMO NORMANDIE,FR28ZAR01,ZAR LE-HAVRE,FR05089,Urbaine,PM10,Trafic,Oui,mesures fixes,Moy. journalière,15.0,14.9875,µg-m3,100.0,100,100.0,A,1,49.500187,0.110903
Le Havre Massillon,0.0082191780821917,ATMO NORMANDIE,FR28ZAR01,ZAR LE-HAVRE,FR05078,Urbaine,NO2,Fond,Oui,mesures fixes,Max. journalier moy. hor.,24.3,24.3,µg-m3,100.0,100,100.0,R,1,49.4983,0.142706
Le Havre ville-haute,0.1753424657534246,ATMO NORMANDIE,FR28ZAR01,ZAR LE-HAVRE,FR05090,Urbaine,O3,Fond,Oui,mesures fixes,Max. journalier moy. hor.,82.3,82.325,µg-m3,100.0,100,100.0,A,1,49.514686,0.100645
Lillebonne,0.0028653295128939,ATMO NORMANDIE,FR28ZAR01,ZAR LE-HAVRE,FR05085,Urbaine,SO2,Industrielle,Oui,mesures fixes,Max. journalier moy. hor.,15.7,15.7,µg-m3,100.0,100,100.0,A,1,49.512146,0.539036
Lisieux,0.147945205479452,ATMO NORMANDIE,FR28ZRE02,ZR NORMANDIE,FR21021,Urbaine,O3,Fond,Oui,mesures fixes,Max. journalier moy. hor.,71.5,71.525,µg-m3,100.0,100,100.0,A,1,49.147224,0.227222
Maison Parc Brotonne,0.2307692307692307,ATMO NORMANDIE,FR28ZRE02,ZR NORMANDIE,FR05087,Rurale régionale,PM2.5,Fond,Oui,mesures fixes,Moy. journalière,10.0,10.2666666667,µg-m3,38.0,100,38.0,N,-1,49.498295,0.758833
Mesnil Esnard,0.1424657534246575,ATMO NORMANDIE,FR28ZAG01,ZAG ROUEN,FR25040,Périurbaine,O3,Fond,Oui,mesures fixes,Max. journalier moy. hor.,76.6,76.6,µg-m3,100.0,100,100.0,A,1,49.40619,1.15515
NDGravenchon Pasteur,0.0547945205479452,ATMO NORMANDIE,FR28ZAR01,ZAR LE-HAVRE,FR05084,Urbaine,SO2,Industrielle,Oui,mesures fixes,Max. journalier moy. hor.,53.7,53.725,µg-m3,100.0,100,100.0,A,1,49.493332,0.571853
Ouistreham,0.1315068493150684,ATMO NORMANDIE,FR28ZAR02,ZAR CAEN,FR21017,Périurbaine,O3,Fond,Oui,mesures fixes,Max. journalier moy. hor.,76.5,76.5,µg-m3,100.0,100,100.0,A,1,49.289444,-0.257778
Petit-Quevilly Sud 3,0.1735537190082644,ATMO NORMANDIE,FR28ZAG01,ZAG ROUEN,FR25054,Urbaine,PM10,Trafic,Oui,mesures fixes,Moy. journalière,12.0,12.2833333333,µg-m3,100.0,100,100.0,A,1,49.4341639,1.067052778
Quillebeuf Phare,0.0225352112676056,ATMO NORMANDIE,FR28ZAR01,ZAR LE-HAVRE,FR05056,Rurale près des villes,SO2,Industrielle,Oui,mesures fixes,Max. journalier moy. hor.,1.8,1.775,µg-m3,100.0,100,100.0,A,1,49.47372,0.526158
Rogerville Mairie,0.0,ATMO NORMANDIE,FR28ZAR01,ZAR LE-HAVRE,FR05080,Périurbaine,SO2,Industrielle,Oui,mesures fixes,Max. journalier moy. hor.,5.0,4.95,µg-m3,100.0,100,100.0,A,1,49.50362,0.266872
Rouen Proxi Quai de Paris,0.0958904109589041,ATMO NORMANDIE,FR28ZAG01,ZAG ROUEN,FR25053,Urbaine,NO2,Trafic,Oui,mesures fixes,Max. journalier moy. hor.,44.9,44.85,µg-m3,100.0,100,100.0,R,1,49.436699,1.098838
Saint-Lô Eglise,0.1178082191780822,ATMO NORMANDIE,FR28ZRE02,ZR NORMANDIE,FR21040,Urbaine,O3,Fond,Oui,mesures fixes,Max. journalier moy. hor.,77.4,77.425,µg-m3,100.0,100,100.0,A,1,49.11639,-1.084722
Sainte Adresse,0.0027548209366391,ATMO NORMANDIE,FR28ZAR01,ZAR LE-HAVRE,FR05072,Urbaine,SO2,Fond,Oui,mesures fixes,Max. journalier moy. hor.,1.9,1.875,µg-m3,100.0,100,100.0,A,1,49.50386,0.084614
St Romain de Colbosc,0.1058823529411764,ATMO NORMANDIE,FR28ZAR01,ZAR LE-HAVRE,FR05010,Périurbaine,O3,Fond,Oui,mesures fixes,Max. journalier moy. hor.,74.7,74.675,µg-m3,100.0,100,100.0,A,1,49.528927,0.358733
Tancarville Mairie,0.0056179775280898,ATMO NORMANDIE,FR28ZAR01,ZAR LE-HAVRE,FR05069,Rurale près des villes,SO2,Industrielle,Oui,mesures fixes,Max. journalier moy. hor.,1.4,1.4,µg-m3,100.0,100,100.0,A,1,49.487682,0.451756
Touques,0.0958904109589041,ATMO NORMANDIE,FR28ZRE02,ZR NORMANDIE,FR05082,Périurbaine,O3,Fond,Oui,mesures fixes,Max. journalier moy. hor.,70.5,70.45,µg-m3,100.0,100,100.0,A,1,49.348,0.109253
AIRVAULT - Stade Laillé,0.1532567049808429,ATMO NOUVELLE-AQUITAINE,FR75ZRE02,ZR NOUVELLE-AQUITAINE,FR09304,Périurbaine,O3,Fond,Oui,mesures fixes,Max. journalier moy. hor.,94.7,94.65,µg-m3,96.0,100,96.0,R,1,46.823796,-0.135634
AIRVAULT 3,0.0306122448979591,ATMO NOUVELLE-AQUITAINE,FR75ZRE02,ZR NOUVELLE-AQUITAINE,FR09304,Périurbaine,NO2,Fond,Oui,mesures fixes,Max. journalier moy. hor.,48.9,48.875,µg-m3,100.0,100,100.0,A,1,46.823796,-0.135634
AMBES,0.1978021978021978,ATMO NOUVELLE-AQUITAINE,FR75ZAG01,ZAG BORDEAUX,FR31010,Périurbaine,O3,Fond,Oui,mesures fixes,Max. journalier moy. hor.,50.7,50.725,µg-m3,100.0,100,100.0,R,1,45.014777,-0.533942
ANGLET,0.0712328767123287,ATMO NOUVELLE-AQUITAINE,FR75ZAG02,ZAG BAYONNE,FR31017,Urbaine,PM10,Trafic,Oui,mesures fixes,Moy. journalière,13.0,13.25,µg-m3,100.0,100,100.0,A,1,43.494041,-1.528753
ANGOULEME-GAMBETTA,0.0958904109589041,ATMO NOUVELLE-AQUITAINE,FR75ZRE02,ZR NOUVELLE-AQUITAINE,FR09106,Urbaine,PM10,Trafic,Oui,mesures fixes,Moy. journalière,16.0,16.425,µg-m3,100.0,100,100.0,A,1,45.651464,0.162391
Aytré,0.1671232876712328,ATMO NOUVELLE-AQUITAINE,FR75ZRE02,ZR NOUVELLE-AQUITAINE,FR09008,Périurbaine,PM10,Fond,Oui,mesures fixes,Moy. journalière,22.0,22.0833333333,µg-m3,100.0,100,100.0,A,1,46.135134,-1.117086
BASSENS,0.2410958904109589,ATMO NOUVELLE-AQUITAINE,FR75ZAG01,ZAG BORDEAUX,FR31007,Urbaine,O3,Fond,Oui,mesures fixes,Max. journalier moy. hor.,51.3,51.25,µg-m3,100.0,100,100.0,A,1,44.900296,-0.515835
BILLERE,0.2383561643835616,ATMO NOUVELLE-AQUITAINE,FR75ZRE02,ZR NOUVELLE-AQUITAINE,FR31013,Urbaine,PM2.5,Fond,Oui,mesures fixes,Moy. journalière,11.0,10.7625,µg-m3,100.0,100,100.0,A,1,43.310797,-0.391543
BORDEAUX-BASTIDE,0.0465753424657534,ATMO NOUVELLE-AQUITAINE,FR75ZAG01,ZAG BORDEAUX,FR31003,Urbaine,PM10,Trafic,Oui,mesures fixes,Moy. journalière,17.0,17.1166666667,µg-m3,100.0,100,100.0,A,1,44.849647,-0.544995
BRIVE - Dalton,0.1534246575342465,ATMO NOUVELLE-AQUITAINE,FR75ZRE02,ZR NOUVELLE-AQUITAINE,FR35004,Urbaine,O3,Fond,Oui,mesures fixes,Max. journalier moy. hor.,72.2,72.225,µg-m3,100.0,100,100.0,R,1,45.158738,1.537259
Biarritz-hippodrome,0.1726027397260274,ATMO NOUVELLE-AQUITAINE,FR75ZAG02,ZAG BAYONNE,FR31043,Périurbaine,O3,Fond,Oui,mesures fixes,Max. journalier moy. hor.,78.6,78.575,µg-m3,100.0,100,100.0,R,1,43.470237,-1.553876
Bordeaux_GAUTIER,0.0931506849315068,ATMO NOUVELLE-AQUITAINE,FR75ZAG01,ZAG BORDEAUX,FR31045,Urbaine,PM10,Trafic,Oui,mesures fixes,Moy. journalière,22.0,22.0583333333,µg-m3,100.0,100,100.0,A,1,44.833825,-0.598525
DAX,0.231578947368421,ATMO NOUVELLE-AQUITAINE,FR75ZRE02,ZR NOUVELLE-AQUITAINE,FR31036,Urbaine,O3,Fond,Oui,mesures fixes,Max. journalier moy. hor.,72.9,72.875,µg-m3,100.0,100,100.0,A,1,43.704643,-1.038557
GRAND PARC,0.210958904109589,ATMO NOUVELLE-AQUITAINE,FR75ZAG01,ZAG BORDEAUX,FR31001,Urbaine,PM10,Fond,Oui,mesures fixes,Moy. journalière,17.0,17.4583333333,µg-m3,100.0,100,100.0,A,1,44.86121,-0.58037
GUERET - Nicolas,0.1561643835616438,ATMO NOUVELLE-AQUITAINE,FR75ZRE02,ZR NOUVELLE-AQUITAINE,FR35005,Urbaine,O3,Fond,Oui,mesures fixes,Max. journalier moy. hor.,75.6,75.625,µg-m3,100.0,100,100.0,R,1,46.17362,1.873024
LA NOUAILLE - MERA,0.1483679525222551,ATMO NOUVELLE-AQUITAINE,FR75ZRE02,ZR NOUVELLE-AQUITAINE,FR35012,Rurale nationale,O3,Fond,Oui,mesures fixes,Max. journalier moy. hor.,74.8,74.775,µg-m3,100.0,100,100.0,A,1,45.80509,2.062333
LABASTIDE CEZERACQ,0.1616438356164383,ATMO NOUVELLE-AQUITAINE,FR75ZRE02,ZR NOUVELLE-AQUITAINE,FR31021,Rurale près des villes,O3,Fond,Oui,mesures fixes,Max. journalier moy. hor.,81.0,80.95,µg-m3,100.0,100,100.0,A,1,43.376279,-0.538206
LACQ,0.0851648351648351,ATMO NOUVELLE-AQUITAINE,FR75ZRE02,ZR NOUVELLE-AQUITAINE,FR31020,Rurale près des villes,NO2,Industrielle,Oui,mesures fixes,Max. journalier moy. hor.,19.6,19.55,µg-m3,100.0,100,100.0,R,1,43.41123,-0.617728
LAGOR,0.032069970845481,ATMO NOUVELLE-AQUITAINE,FR75ZRE02,ZR NOUVELLE-AQUITAINE,FR31022,Rurale près des villes,SO2,Industrielle,Oui,mesures fixes,Max. journalier moy. hor.,67.5,67.5,µg-m3,100.0,100,100.0,R,1,43.409857,-0.673155
LE TEMPLE,0.184065934065934,ATMO NOUVELLE-AQUITAINE,FR75ZRE02,ZR NOUVELLE-AQUITAINE,FR31008,Rurale régionale,O3,Fond,Oui,mesures fixes,Max. journalier moy. hor.,60.2,60.175,µg-m3,100.0,100,100.0,R,1,44.86581,-0.94
LIMOGES - Aine,0.0575342465753424,ATMO NOUVELLE-AQUITAINE,FR75ZAR01,ZAR LIMOGES,FR35010,Urbaine,PM10,Trafic,Oui,mesures fixes,Moy. journalière,15.0,14.5083333333,µg-m3,100.0,100,100.0,A,1,45.829975,1.254772
LIMOGES - BERLAND,0.1671232876712328,ATMO NOUVELLE-AQUITAINE,FR75ZAR01,ZAR LIMOGES,FR35027,Urbaine,O3,Fond,Oui,mesures fixes,Max. journalier moy. hor.,68.7,68.65,µg-m3,100.0,100,100.0,A,1,45.842204,1.259689
La Pallice3 LR,0.0483383685800604,ATMO NOUVELLE-AQUITAINE,FR75ZRE02,ZR NOUVELLE-AQUITAINE,FR09203,Urbaine,PM10,Industrielle,Oui,mesures fixes,Moy. journalière,24.0,24.3958333333,µg-m3,100.0,100,100.0,A,1,46.161632,-1.211229
Les Couronneries,0.1589041095890411,ATMO NOUVELLE-AQUITAINE,FR75ZRE02,ZR NOUVELLE-AQUITAINE,FR09015,Urbaine,O3,Fond,Oui,mesures fixes,Max. journalier moy. hor.,65.5,65.5,µg-m3,100.0,100,100.0,A,1,46.586958,0.358458
MARMANDE,0.0491329479768786,ATMO NOUVELLE-AQUITAINE,FR75ZRE02,ZR NOUVELLE-AQUITAINE,FR31040,Périurbaine,PM10,Trafic,Oui,mesures fixes,Moy. journalière,21.0,20.7416666667,µg-m3,100.0,100,100.0,A,1,44.508782,0.142695
MASLACQ,0.0674846625766871,ATMO NOUVELLE-AQUITAINE,FR75ZRE02,ZR NOUVELLE-AQUITAINE,FR31023,Rurale près des villes,SO2,Industrielle,Oui,mesures fixes,Max. journalier moy. hor.,70.5,70.525,µg-m3,96.0,100,96.0,R,1,43.436455,-0.695041
MERIGNAC,0.0301369863013698,ATMO NOUVELLE-AQUITAINE,FR75ZAG01,ZAG BORDEAUX,FR31006,Urbaine,PM10,Trafic,Oui,mesures fixes,Moy. journalière,13.0,13.4208333333,µg-m3,100.0,100,100.0,A,1,44.841373,-0.651068
MONT DE MARSAN,0.0328947368421052,ATMO NOUVELLE-AQUITAINE,FR75ZRE02,ZR NOUVELLE-AQUITAINE,FR31041,Urbaine,PM10,Trafic,Oui,mesures fixes,Moy. journalière,15.0,14.8708333333,µg-m3,100.0,100,100.0,A,1,43.8961,-0.491403
MONT-DE-MARSAN - MIDOUZE,0.170807453416149,ATMO NOUVELLE-AQUITAINE,FR75ZRE02,ZR NOUVELLE-AQUITAINE,FR31055,Urbaine,NO2,Fond,Oui,mesures fixes,Max. journalier moy. hor.,61.6,61.625,µg-m3,38.0,100,38.0,N,-1,43.888972,-0.507028
MOURENX,0.0082191780821917,ATMO NOUVELLE-AQUITAINE,FR75ZRE02,ZR NOUVELLE-AQUITAINE,FR31024,Rurale près des villes,NO2,Industrielle,Oui,mesures fixes,Max. journalier moy. hor.,10.8,10.8,µg-m3,96.0,100,96.0,R,1,43.377194,-0.610278
Niort - Tassigny,0.0445682451253481,ATMO NOUVELLE-AQUITAINE,FR75ZRE02,ZR NOUVELLE-AQUITAINE,FR09305,Urbaine,PM10,Trafic,Oui,mesures fixes,Moy. journalière,19.0,19.1541666667,µg-m3,100.0,100,100.0,A,1,46.333881,-0.471878
Niort Venise,0.2191780821917808,ATMO NOUVELLE-AQUITAINE,FR75ZRE02,ZR NOUVELLE-AQUITAINE,FR09303,Urbaine,O3,Fond,Oui,mesures fixes,Max. journalier moy. hor.,67.8,67.8,µg-m3,100.0,100,100.0,A,1,46.320028,-0.482861
PALAIS S/ V.- Garros,0.1342465753424657,ATMO NOUVELLE-AQUITAINE,FR75ZAR01,ZAR LIMOGES,FR35007,Périurbaine,O3,Fond,Oui,mesures fixes,Max. journalier moy. hor.,66.0,66.025,µg-m3,100.0,100,100.0,A,1,45.873311,1.307916
PAU TOURASSE,0.0547945205479452,ATMO NOUVELLE-AQUITAINE,FR75ZRE02,ZR NOUVELLE-AQUITAINE,FR31039,Urbaine,PM10,Trafic,Oui,mesures fixes,Moy. journalière,22.0,21.5166666667,µg-m3,100.0,100,100.0,A,1,43.311091,-0.352116
PERIGUEUX,0.2286501377410468,ATMO NOUVELLE-AQUITAINE,FR75ZRE02,ZR NOUVELLE-AQUITAINE,FR31033,Urbaine,O3,Fond,Oui,mesures fixes,Max. journalier moy. hor.,63.6,63.6,µg-m3,100.0,100,100.0,A,1,45.189825,0.727184
Poitiers Centre  Augouard,0.1643835616438356,ATMO NOUVELLE-AQUITAINE,FR75ZRE02,ZR NOUVELLE-AQUITAINE,FR09404,Urbaine,O3,Fond,Oui,mesures fixes,Max. journalier moy. hor.,63.7,63.7,µg-m3,100.0,100,100.0,R,1,46.583998,0.345582
Poitiers-Le Nain,0.077562326869806,ATMO NOUVELLE-AQUITAINE,FR75ZRE02,ZR NOUVELLE-AQUITAINE,FR09403,Urbaine,PM10,Trafic,Oui,mesures fixes,Moy. journalière,18.0,17.9791666667,µg-m3,100.0,100,100.0,A,1,46.591231,0.34039
SAILLAT - Ipaper,0.0136986301369863,ATMO NOUVELLE-AQUITAINE,FR75ZRE02,ZR NOUVELLE-AQUITAINE,FR35019,Rurale près des villes,PM10,Industrielle,Oui,mesures fixes,Moy. journalière,15.0,15.1958333333,µg-m3,100.0,100,100.0,A,1,45.875834,0.823951
SAINT-CROUTS,0.1342465753424657,ATMO NOUVELLE-AQUITAINE,FR75ZAG02,ZAG BAYONNE,FR31016,Urbaine,O3,Fond,Oui,mesures fixes,Max. journalier moy. hor.,78.3,78.275,µg-m3,100.0,100,100.0,R,1,43.47982,-1.489157
ST JUNIEN - Fontaine,0.1808219178082191,ATMO NOUVELLE-AQUITAINE,FR75ZRE02,ZR NOUVELLE-AQUITAINE,FR35002,Urbaine,O3,Fond,Oui,mesures fixes,Max. journalier moy. hor.,67.8,67.75,µg-m3,100.0,100,100.0,R,1,45.884851,0.898431
Square Pablo Casals,0.1589041095890411,ATMO NOUVELLE-AQUITAINE,FR75ZRE02,ZR NOUVELLE-AQUITAINE,FR09103,Urbaine,O3,Fond,Oui,mesures fixes,Max. journalier moy. hor.,60.9,60.85,µg-m3,100.0,100,100.0,A,1,45.647428,0.167162
TALENCE,0.2554945054945055,ATMO NOUVELLE-AQUITAINE,FR75ZAG01,ZAG BORDEAUX,FR31002,Urbaine,PM2.5,Fond,Oui,mesures fixes,Moy. journalière,14.0,13.63,µg-m3,42.0,100,42.0,N,-1,44.800462,-0.589398
TARTAS Pelletrin,0.010958904109589,ATMO NOUVELLE-AQUITAINE,FR75ZRE02,ZR NOUVELLE-AQUITAINE,FR31026,Périurbaine,PM10,Industrielle,Oui,mesures fixes,Moy. journalière,14.0,13.575,µg-m3,100.0,100,100.0,A,1,43.838876,-0.81203
TULLE - Hugo,0.1452054794520547,ATMO NOUVELLE-AQUITAINE,FR75ZRE02,ZR NOUVELLE-AQUITAINE,FR35006,Urbaine,O3,Fond,Oui,mesures fixes,Max. journalier moy. hor.,66.8,66.775,µg-m3,100.0,100,100.0,A,1,45.262665,1.762752
Zoodyssée Chizé,0.1424657534246575,ATMO NOUVELLE-AQUITAINE,FR75ZRE02,ZR NOUVELLE-AQUITAINE,FR09302,Rurale régionale,O3,Fond,Oui,mesures fixes,Max. journalier moy. hor.,68.6,68.6,µg-m3,96.0,100,96.0,R,1,46.143234,-0.395913
place de VERDUN,0.1018957345971564,ATMO NOUVELLE-AQUITAINE,FR75ZRE02,ZR NOUVELLE-AQUITAINE,FR09003,Urbaine,PM10,Fond,Oui,mesures fixes,Moy. journalière,25.0,24.5708333333,µg-m3,100.0,100,100.0,A,1,46.162647,-1.153684
ALBI DELMAS,0.0054794520547945,ATMO OCCITANIE,FR76ZRE01,ZR OCCITANIE,FR12026,Urbaine,PM10,Fond,Oui,mesures fixes,Moy. journalière,18.0,18.2583333333,µg-m3,100.0,100,100.0,A,1,43.927769,2.145897
Agathois-piscénois,0.2630136986301369,ATMO OCCITANIE,FR76ZRE01,ZR OCCITANIE,FR08022,Périurbaine,O3,Fond,Oui,mesures fixes,Max. journalier moy. hor.,90.8,90.8,µg-m3,100.0,100,100.0,A,1,43.2875,3.50484
BELESTA EN LAURAGAIS,0.2,ATMO OCCITANIE,FR76ZRE01,ZR OCCITANIE,FR12031,Rurale régionale,O3,Fond,Oui,mesures fixes,Max. journalier moy. hor.,77.1,77.1,µg-m3,100.0,100,100.0,A,1,43.44139,1.821944
BESSIERES ECONOTRE,0.0,ATMO OCCITANIE,FR76ZRE01,ZR OCCITANIE,FR12047,Rurale près des villes,PM10,Industrielle,Oui,mesures fixes,Moy. journalière,21.0,20.8208333333,µg/m3,100.0,100,100.0,R,1,43.803139,1.595475
Biterrois-Narbonnais,0.2493150684931507,ATMO OCCITANIE,FR76ZRE01,ZR OCCITANIE,FR08023,Rurale régionale,O3,Fond,Oui,mesures fixes,Max. journalier moy. hor.,80.9,80.9,µg-m3,100.0,100,100.0,R,1,43.4068,3.18878
CHAPITRE SETMI,0.0219780219780219,ATMO OCCITANIE,FR76ZAG01,ZAG TOULOUSE,FR12040,Urbaine,PM10,Industrielle,Oui,mesures indicatives,Moy. journalière,24.0,23.5333333333,µg-m3,100.0,100,100.0,A,1,43.556375,1.403964
DAURAT ST GAUDENS,0.0,ATMO OCCITANIE,FR76ZRE01,ZR OCCITANIE,FR12016,Urbaine,SO2,Industrielle,Oui,mesures indicatives,Max. journalier moy. hor.,0.8,0.825,µg-m3,100.0,100,100.0,R,1,43.106156,0.71955
ECOLE M.JACQUIER,0.2410958904109589,ATMO OCCITANIE,FR76ZAG01,ZAG TOULOUSE,FR12004,Urbaine,PM10,Fond,Oui,mesures fixes,Moy. journalière,22.0,22.2166666667,µg/m3,100.0,100,100.0,A,1,43.575694,1.418064
EISENHOWER SETMI,0.0191780821917808,ATMO OCCITANIE,FR76ZAG01,ZAG TOULOUSE,FR12039,Urbaine,PM10,Industrielle,Oui,mesures indicatives,Moy. journalière,24.0,23.8583333333,µg-m3,100.0,100,100.0,A,1,43.561581,1.393261
GAUDONVILLE,0.2032967032967033,ATMO OCCITANIE,FR76ZRE01,ZR OCCITANIE,FR12029,Rurale régionale,O3,Fond,Oui,mesures fixes,Max. journalier moy. hor.,63.4,63.4,µg-m3,100.0,100,100.0,A,1,43.883933,0.845617
Gard Rhodanien2,0.356353591160221,ATMO OCCITANIE,FR76ZRE01,ZR OCCITANIE,FR08209,Rurale près des villes,O3,Fond,Oui,mesures fixes,Max. journalier moy. hor.,69.0,69.025,µg-m3,100.0,100,100.0,R,1,43.9426,4.67958
LOURDES LAPACCA,0.2438356164383561,ATMO OCCITANIE,FR76ZRE01,ZR OCCITANIE,FR12042,Urbaine,PM2.5,Fond,Oui,mesures fixes,Moy. journalière,12.0,11.8666666667,µg-m3,100.0,100,100.0,A,1,43.096247,-0.040497
Lunel Viel,0.0520547945205479,ATMO OCCITANIE,FR76ZRE01,ZR OCCITANIE,FR08020,Périurbaine,PM10,Industrielle,Oui,mesures indicatives,Moy. journalière,26.0,26.4958333333,µg-m3,100.0,100,100.0,A,1,43.6758,4.08838
MIRAMONT,0.0,ATMO OCCITANIE,FR76ZRE01,ZR OCCITANIE,FR12015,Urbaine,SO2,Industrielle,Oui,mesures indicatives,Max. journalier moy. hor.,1.9,1.875,µg-m3,100.0,100,100.0,R,1,43.093611,0.743611
Montauban,0.2821917808219178,ATMO OCCITANIE,FR76ZRE01,ZR OCCITANIE,FR50060,Urbaine,PM2.5,Fond,Oui,mesures fixes,Moy. journalière,11.0,10.9125,µg/m3,100.0,100,100.0,A,1,44.01285657,1.37530522
Montpellier Chaptal,0.0083102493074792,ATMO OCCITANIE,FR76ZAG02,ZAG MONTPELLIER,FR08003,Urbaine,NO2,Fond,Oui,mesures indicatives,Max. journalier moy. hor.,11.9,11.875,µg-m3,100.0,100,100.0,R,1,43.611302,3.86626
Montpellier Liberté,0.5123287671232877,ATMO OCCITANIE,FR76ZAG02,ZAG MONTPELLIER,FR50225,Urbaine,PM10,Fond,Oui,mesures fixes,Moy. journalière,31.0,30.5125,µg-m3,100.0,100,100.0,A,1,43.611606,3.827868
Montpellier Prés d'Arènes,0.16,ATMO OCCITANIE,FR76ZAG02,ZAG MONTPELLIER,FR08016,Urbaine,PM10,Fond,Oui,mesures fixes,Moy. journalière,26.0,25.7666666667,µg-m3,100.0,100,100.0,A,1,43.5915,3.88681
Montpellier Périurbaine Sud (Lattes),0.3232044198895027,ATMO OCCITANIE,FR76ZAG02,ZAG MONTPELLIER,FR08017,Périurbaine,O3,Fond,Oui,mesures indicatives,Max. journalier moy. hor.,83.4,83.375,µg-m3,96.0,100,96.0,R,1,43.5705,3.9118
Montpellier St Denis,0.0334261838440111,ATMO OCCITANIE,FR76ZAG02,ZAG MONTPELLIER,FR08004,Urbaine,NO2,Trafic,Oui,mesures fixes,Max. journalier moy. hor.,15.4,15.425,µg-m3,100.0,100,100.0,R,1,43.6051,3.87464
Montpellier St Gely,0.3013698630136986,ATMO OCCITANIE,FR76ZAG02,ZAG MONTPELLIER,FR08018,Périurbaine,O3,Fond,Oui,mesures fixes,Max. journalier moy. hor.,79.7,79.675,µg-m3,100.0,100,100.0,A,1,43.6926,3.80021
Nimes Gauzy,0.3873626373626374,ATMO OCCITANIE,FR76ZAR02,ZAR NIMES,FR08614,Urbaine,PM10,Fond,Oui,mesures fixes,Moy. journalière,23.0,23.3875,µg-m3,100.0,100,100.0,A,1,43.8344,4.3744
Nimes La Calmette,0.2986301369863013,ATMO OCCITANIE,FR76ZAR02,ZAR NIMES,FR08617,Périurbaine,O3,Fond,Oui,mesures fixes,Max. journalier moy. hor.,71.2,71.175,µg-m3,100.0,100,100.0,R,1,43.9254,4.26581
Nimes Planas,0.073972602739726,ATMO OCCITANIE,FR76ZAR02,ZAR NIMES,FR08616,Urbaine,PM10,Trafic,Oui,mesures fixes,Moy. journalière,31.0,30.5041666667,µg-m3,100.0,100,100.0,A,1,43.8299,4.36199
PEYRUSSE,0.1150684931506849,ATMO OCCITANIE,FR76ZRE01,ZR OCCITANIE,FR12020,Rurale nationale,O3,Fond,Oui,mesures fixes,Max. journalier moy. hor.,53.9,53.875,µg-m3,100.0,100,100.0,A,1,43.6287,0.179069
Perpignan Les Carmes,0.2876712328767123,ATMO OCCITANIE,FR76ZAR01,ZAR PERPIGNAN,FR08714,Urbaine,PM2.5,Fond,Oui,mesures fixes,Moy. journalière,21.0,21.2708333333,µg-m3,100.0,100,100.0,A,1,42.6955,2.90053
Perpignan St Esteve,0.2527472527472527,ATMO OCCITANIE,FR76ZAR01,ZAR PERPIGNAN,FR08712,Périurbaine,O3,Fond,Oui,mesures fixes,Max. journalier moy. hor.,47.7,47.65,µg-m3,100.0,100,100.0,R,1,42.7198,2.83988
Perpignan bd Pyrénées,0.2219178082191781,ATMO OCCITANIE,FR76ZAR01,ZAR PERPIGNAN,FR50224,Urbaine,PM10,Trafic,Oui,mesures fixes,Moy. journalière,28.0,27.625,µg-m3,100.0,100,100.0,A,1,42.69587,2.888483
Pompignane,0.0630136986301369,ATMO OCCITANIE,FR76ZAG02,ZAG MONTPELLIER,FR08030,Urbaine,PM10,Trafic,Oui,mesures fixes,Moy. journalière,35.0,34.6208333333,µg/m3,100.0,100,100.0,A,1,43.6096,3.89878
Rodez,0.2465753424657534,ATMO OCCITANIE,FR76ZRE01,ZR OCCITANIE,FR12095,Urbaine,O3,Fond,Oui,mesures fixes,Max. journalier moy. hor.,82.0,82.025,µg-m3,100.0,100,100.0,A,1,44.35699225,2.57070422
SICOVAL,0.2164383561643835,ATMO OCCITANIE,FR76ZAG01,ZAG TOULOUSE,FR12041,Périurbaine,O3,Fond,Oui,mesures fixes,Max. journalier moy. hor.,75.7,75.675,µg-m3,100.0,100,100.0,R,1,43.457306,1.571469
Stade Travet CASTRES,0.2794520547945205,ATMO OCCITANIE,FR76ZRE01,ZR OCCITANIE,FR12053,Urbaine,O3,Fond,Oui,mesures fixes,Max. journalier moy. hor.,81.2,81.225,µg-m3,100.0,100,100.0,R,1,43.610497,2.23015
TRAFIC_TOULOUSE,0.2164383561643835,ATMO OCCITANIE,FR76ZAG01,ZAG TOULOUSE,FR12054,Urbaine,PM10,Trafic,Oui,mesures fixes,Moy. journalière,22.0,21.9375,µg-m3,100.0,100,100.0,A,1,43.643944,1.468244
Tarbes lycée Dupuy,0.2602739726027397,ATMO OCCITANIE,FR76ZRE01,ZR OCCITANIE,FR12052,Urbaine,PM10,Fond,Oui,mesures fixes,Moy. journalière,26.0,26.2416666667,µg-m3,100.0,100,100.0,A,1,43.230297,0.062339
Toulouse Berthelot,0.2493150684931507,ATMO OCCITANIE,FR76ZAG01,ZAG TOULOUSE,FR12030,Urbaine,PM10,Fond,Oui,mesures fixes,Moy. journalière,23.0,22.9583333333,µg-m3,100.0,100,100.0,A,1,43.587344,1.444003
Toulouse Mazades,0.0684931506849315,ATMO OCCITANIE,FR76ZAG01,ZAG TOULOUSE,FR12021,Urbaine,PM2.5,Fond,Oui,mesures indicatives,Moy. journalière,11.0,10.6375,µg-m3,100.0,100,100.0,A,1,43.623606,1.438531
Toulouse Port de l'Embouchure,0.1620879120879121,ATMO OCCITANIE,FR76ZAG01,ZAG TOULOUSE,FR12085,Urbaine,PM10,Trafic,Oui,mesures fixes,Moy. journalière,23.0,22.9958333333,µg-m3,100.0,100,100.0,A,1,43.610386,1.4152
Toulouse aéroport côté trafic,0.0383561643835616,ATMO OCCITANIE,FR76ZAG01,ZAG TOULOUSE,FR12044,Urbaine,PM10,Industrielle,Oui,mesures indicatives,Moy. journalière,22.0,21.8875,µg-m3,100.0,100,100.0,A,1,43.633478,1.375717
AIX CENTRE ECOLE ART,0.0657534246575342,ATMO SUD,FR93ZAG01,ZAG MARSEILLE-AIX,FR03029,Urbaine,PM10,Fond,Oui,mesures fixes,Moy. journalière,21.0,21.1458333333,µg-m3,100.0,100,100.0,A,1,43.530285,5.440912
AIX PLATANES,0.3506849315068493,ATMO SUD,FR93ZAG01,ZAG MARSEILLE-AIX,FR03048,Périurbaine,O3,Fond,Oui,mesures fixes,Max. journalier moy. hor.,68.9,68.925,µg-m3,100.0,100,100.0,R,1,43.555777,5.461232
AIX ROY RENE,0.0301369863013698,ATMO SUD,FR93ZAG01,ZAG MARSEILLE-AIX,FR03021,Urbaine,PM10,Trafic,Oui,mesures fixes,Moy. journalière,21.0,20.8666666667,µg-m3,100.0,100,100.0,A,1,43.524075,5.448164
ANTIBES JEAN MOULIN,0.4568245125348189,ATMO SUD,FR93ZAG02,ZAG NICE,FR24007,Périurbaine,NO2,Fond,Oui,mesures fixes,Max. journalier moy. hor.,48.8,48.775,µg-m3,100.0,100,100.0,R,1,43.598803,7.093153
APT,0.292817679558011,ATMO SUD,FR93ZRE02,ZR PROVENCE-ALPES-COTE-D-AZUR,FR03086,Périurbaine,O3,Fond,Oui,mesures fixes,Max. journalier moy. hor.,64.5,64.45,µg-m3,100.0,100,100.0,R,1,43.88012,5.362038
AUBAGNE LES PASSONS,0.412087912087912,ATMO SUD,FR93ZAG01,ZAG MARSEILLE-AIX,FR03032,Urbaine,O3,Fond,Oui,mesures fixes,Max. journalier moy. hor.,72.2,72.175,µg-m3,100.0,100,100.0,R,1,43.293138,5.574184
AVIGNON   MAIRIE,0.4301369863013699,ATMO SUD,FR93ZAG04,ZAG AVIGNON,FR03080,Urbaine,PM10,Fond,Oui,mesures fixes,Moy. journalière,26.0,26.1625,µg-m3,100.0,100,100.0,A,1,43.949673,4.804341
Arles,0.3480662983425414,ATMO SUD,FR93ZRE02,ZR PROVENCE-ALPES-COTE-D-AZUR,FR02022,Urbaine,PM10,Fond,Oui,mesures fixes,Moy. journalière,22.0,22.1875,µg-m3,100.0,100,100.0,A,1,43.675114,4.62921
Avignon Rocade De Gaulle,0.228021978021978,ATMO SUD,FR93ZAG04,ZAG AVIGNON,FR03091,Urbaine,PM2.5,Trafic,Oui,mesures fixes,Moy. journalière,30.0,30.3958333333,µg-m3,100.0,100,100.0,A,1,43.9314,4.826875
Avignon Semard,0.1081081081081081,ATMO SUD,FR93ZAG04,ZAG AVIGNON,FR03087,Urbaine,PM10,Trafic,Oui,mesures fixes,Moy. journalière,41.0,40.8958333333,µg-m3,100.0,100,100.0,A,1,43.93706,4.824909
BRIGNOLES,0.4301369863013699,ATMO SUD,FR93ZRE02,ZR PROVENCE-ALPES-COTE-D-AZUR,FR03067,Périurbaine,PM10,Fond,Oui,mesures fixes,Moy. journalière,26.0,26.2291666667,µg-m3,100.0,100,100.0,A,1,43.398731,6.075611
Berre l'Etang,0.3808219178082191,ATMO SUD,FR93ZAG01,ZAG MARSEILLE-AIX,FR02001,Périurbaine,O3,Fond,Oui,mesures fixes,Max. journalier moy. hor.,70.7,70.7,µg-m3,100.0,100,100.0,R,1,43.486234,5.171939
CANNES BROUSSAILLES,0.4297752808988764,ATMO SUD,FR93ZAG02,ZAG NICE,FR24009,Urbaine,PM10,Fond,Oui,mesures fixes,Moy. journalière,24.0,24.3875,µg-m3,100.0,100,100.0,A,1,43.558389,7.005919
CARPENTRAS,0.349862258953168,ATMO SUD,FR93ZAG04,ZAG AVIGNON,FR03088,Périurbaine,O3,Fond,Oui,mesures fixes,Max. journalier moy. hor.,66.8,66.76667,µg-m3,100.0,100,100.0,R,1,44.060347,5.067413
CIANS,0.3895027624309392,ATMO SUD,FR93ZRE02,ZR PROVENCE-ALPES-COTE-D-AZUR,FR24014,Rurale régionale,O3,Fond,Oui,mesures fixes,Max. journalier moy. hor.,51.7,51.7,µg-m3,100.0,100,100.0,R,1,44.094688,6.988978
CONTES 2,0.0273972602739726,ATMO SUD,FR93ZAG02,ZAG NICE,FR24023,Périurbaine,PM10,Industrielle,Oui,mesures fixes,Moy. journalière,32.0,31.8291666667,µg-m3,100.0,100,100.0,A,1,43.788748,7.332382
Chateauneuf La Mede,0.0280898876404494,ATMO SUD,FR93ZAG01,ZAG MARSEILLE-AIX,FR02029,Périurbaine,PM10,Industrielle,Oui,mesures fixes,Moy. journalière,26.0,25.6041666667,µg-m3,100.0,100,100.0,A,1,43.399546,5.113214
Cheiron,0.4684931506849315,ATMO SUD,FR93ZRE02,ZR PROVENCE-ALPES-COTE-D-AZUR,FR24040,Rurale régionale,O3,Fond,Oui,mesures fixes,Max. journalier moy. hor.,69.2,69.15,µg-m3,100.0,100,100.0,R,1,43.791911,7.048276
ESTEREL,0.3994490358126721,ATMO SUD,FR93ZRE02,ZR PROVENCE-ALPES-COTE-D-AZUR,FR03070,Périurbaine,PM2.5,Fond,Oui,mesures fixes,Moy. journalière,24.0,24.4708333333,µg-m3,100.0,100,100.0,A,1,43.437874,6.76839
Fos Les Carabins,0.0547945205479452,ATMO SUD,FR93ZAG01,ZAG MARSEILLE-AIX,FR02013,Périurbaine,PM2.5,Industrielle,Oui,mesures fixes,Moy. journalière,10.0,10.3541666667,µg-m3,100.0,100,100.0,A,1,43.458927,4.934572
Fos sur Mer,0.0056657223796034,ATMO SUD,FR93ZAG01,ZAG MARSEILLE-AIX,FR02011,Périurbaine,SO2,Industrielle,Oui,mesures fixes,Max. journalier moy. hor.,2.9,2.9,µg-m3,100.0,100,100.0,R,1,43.437858,4.945116
GAP COMMANDERIE,0.239010989010989,ATMO SUD,FR93ZRE02,ZR PROVENCE-ALPES-COTE-D-AZUR,FR24033,Urbaine,PM10,Fond,Oui,mesures fixes,Moy. journalière,25.0,24.5125,µg-m3,100.0,100,100.0,A,1,44.555193,6.073015
GAP JEAN JAURES,0.0657534246575342,ATMO SUD,FR93ZRE02,ZR PROVENCE-ALPES-COTE-D-AZUR,FR24038,Urbaine,PM10,Trafic,Oui,mesures fixes,Moy. journalière,29.0,28.8416666667,µg-m3,100.0,100,100.0,A,1,44.548647,6.067237
GARDANNE,0.147945205479452,ATMO SUD,FR93ZAG01,ZAG MARSEILLE-AIX,FR03030,Périurbaine,PM10,Industrielle,Oui,mesures fixes,Moy. journalière,17.0,17.35,µg-m3,100.0,100,100.0,A,1,43.453584,5.466672
HYERES,0.0,ATMO SUD,FR93ZAG03,ZAG TOULON,FR03069,Urbaine,PM10,Fond,Oui,mesures fixes,Moy. journalière,23.0,23.1,µg-m3,100.0,100,100.0,A,1,43.119737,6.131319
Istres,0.3168044077134986,ATMO SUD,FR93ZAG01,ZAG MARSEILLE-AIX,FR02012,Urbaine,O3,Fond,Oui,mesures fixes,Max. journalier moy. hor.,65.9,65.9,µg-m3,100.0,100,100.0,R,1,43.506149,4.982898
LA SEYNE GENOUD,0.0,ATMO SUD,FR93ZAG03,ZAG TOULON,FR03060,Urbaine,NO2,Fond,Oui,mesures fixes,Max. journalier moy. hor.,13.5,13.475,µg-m3,100.0,100,100.0,R,1,43.101565,5.875404
LA VALETTE/LA GARDE,0.3205479452054794,ATMO SUD,FR93ZAG03,ZAG TOULON,FR03064,Périurbaine,O3,Fond,Oui,mesures fixes,Max. journalier moy. hor.,60.0,59.975,µg-m3,100.0,100,100.0,R,1,43.135902,6.011513
LE PONTET,0.0137362637362637,ATMO SUD,FR93ZAG04,ZAG AVIGNON,FR03084,Périurbaine,PM2.5,Fond,Oui,mesures fixes,Moy. journalière,23.0,23.1,µg-m3,100.0,100,100.0,A,1,43.960144,4.856731
Le Casset2,0.5443786982248521,ATMO AUVERGNE-RHÔNE-ALPES,FR93ZRE02,ZR PROVENCE-ALPES-COTE-D-AZUR,FR15031,Rurale nationale,O3,Fond,Oui,mesures indicatives,Max. journalier moy. hor.,68.4,68.35,µg-m3,100.0,100,100.0,A,1,44.997,6.4694
MANOSQUE,0.4082191780821917,ATMO SUD,FR93ZRE02,ZR PROVENCE-ALPES-COTE-D-AZUR,FR24018,Urbaine,O3,Fond,Oui,mesures fixes,Max. journalier moy. hor.,73.3,73.3,µg-m3,100.0,100,100.0,R,1,43.835784,5.786131
MARSEILLE 5 AVENUES,0.3186813186813186,ATMO SUD,FR93ZAG01,ZAG MARSEILLE-AIX,FR03043,Urbaine,O3,Fond,Oui,mesures fixes,Max. journalier moy. hor.,64.6,64.6,µg-m3,100.0,100,100.0,R,1,43.305287,5.394716
MARSEILLE RABATAU,0.421917808219178,ATMO SUD,FR93ZAG01,ZAG MARSEILLE-AIX,FR03006,Urbaine,PM10,Trafic,Oui,mesures fixes,Moy. journalière,31.0,31.4041666667,µg-m3,100.0,100,100.0,A,1,43.276451,5.39736
MARSEILLE ST LOUIS,0.2241887905604719,ATMO SUD,FR93ZAG01,ZAG MARSEILLE-AIX,FR03014,Urbaine,PM10,Fond,Oui,mesures fixes,Moy. journalière,21.0,21.4625,µg-m3,100.0,100,100.0,A,1,43.348048,5.360119
Marignane,0.1561643835616438,ATMO SUD,FR93ZAG01,ZAG MARSEILLE-AIX,FR02043,Urbaine,PM10,Fond,Oui,mesures fixes,Moy. journalière,21.0,21.4416666667,µg-m3,100.0,100,100.0,A,1,43.4165306,5.222281
Martigues La Gatasse,0.0027548209366391,ATMO SUD,FR93ZAG01,ZAG MARSEILLE-AIX,FR02007,Périurbaine,SO2,Industrielle,Oui,mesures fixes,Max. journalier moy. hor.,1.3,1.275,µg-m3,100.0,100,100.0,R,1,43.360692,5.058139
Martigues Laurons,0.0,ATMO SUD,FR93ZAG01,ZAG MARSEILLE-AIX,FR02006,Périurbaine,SO2,Industrielle,Oui,mesures fixes,Max. journalier moy. hor.,1.9,1.9,µg-m3,100.0,100,100.0,R,1,43.358982,5.023388
Martigues Lavera,0.0223463687150838,ATMO SUD,FR93ZAG01,ZAG MARSEILLE-AIX,FR02028,Périurbaine,SO2,Industrielle,Oui,mesures fixes,Max. journalier moy. hor.,2.6,2.575,µg-m3,100.0,100,100.0,R,1,43.386564,5.026868
Martigues P. Central,0.3543956043956044,ATMO SUD,FR93ZAG01,ZAG MARSEILLE-AIX,FR02004,Urbaine,O3,Fond,Oui,mesures fixes,Max. journalier moy. hor.,72.8,72.825,µg-m3,100.0,100,100.0,R,1,43.416661,5.042731
NICE ARSON,0.4060773480662983,ATMO SUD,FR93ZAG02,ZAG NICE,FR24036,Urbaine,PM10,Fond,Oui,mesures fixes,Moy. journalière,27.0,26.5333333333,µg-m3,100.0,100,100.0,A,1,43.702075,7.286256
NICE OUEST BOTANIQUE,0.4591549295774648,ATMO SUD,FR93ZAG02,ZAG NICE,FR24011,Périurbaine,O3,Fond,Oui,mesures fixes,Max. journalier moy. hor.,51.1,51.125,µg-m3,100.0,100,100.0,R,1,43.685188,7.211174
NICE PROMENADE,0.071625344352617,ATMO SUD,FR93ZAG02,ZAG NICE,FR24035,Urbaine,PM10,Trafic,Oui,mesures fixes,Moy. journalière,30.0,30.2583333333,µg-m3,100.0,100,100.0,A,1,43.689291,7.242074
Obs Haute-Provence,0.3867403314917127,ATMO SUD,FR93ZRE02,ZR PROVENCE-ALPES-COTE-D-AZUR,FR24039,Rurale près des villes,O3,Fond,Oui,mesures fixes,Max. journalier moy. hor.,66.4,66.425,µg-m3,100.0,100,100.0,R,1,43.933476,5.711809
PEILLON,0.0876712328767123,ATMO SUD,FR93ZAG02,ZAG NICE,FR24021,Périurbaine,PM10,Industrielle,Oui,mesures fixes,Moy. journalière,27.0,26.7375,µg-m3,100.0,100,100.0,A,1,43.786583,7.373283
PLAN AUPS/STE  BAUME,0.5013774104683195,ATMO SUD,FR93ZRE02,ZR PROVENCE-ALPES-COTE-D-AZUR,FR03027,Rurale près des villes,O3,Fond,Oui,mesures fixes,Max. journalier moy. hor.,70.4,70.35,µg-m3,100.0,100,100.0,R,1,43.335201,5.727365
Port Saint Louis,0.0165289256198347,ATMO SUD,FR93ZAG01,ZAG MARSEILLE-AIX,FR02009,Périurbaine,PM10,Industrielle,Oui,mesures fixes,Moy. journalière,31.0,30.8416666667,µg-m3,100.0,100,100.0,A,1,43.39378,4.801024
Port de Bouc Leque,0.0782828282828282,ATMO SUD,FR93ZAG01,ZAG MARSEILLE-AIX,FR02008,Urbaine,PM10,Industrielle,Oui,mesures fixes,Moy. journalière,28.0,27.9666666667,µg-m3,100.0,100,100.0,A,1,43.401952,4.981919
Rognac les Brets,0.0986301369863013,ATMO SUD,FR93ZAG01,ZAG MARSEILLE-AIX,FR02020,Périurbaine,PM2.5,Industrielle,Oui,mesures fixes,Moy. journalière,10.0,10.0291666667,µg-m3,100.0,100,100.0,A,1,43.510802,5.220046
SALON,0.3945205479452054,ATMO SUD,FR93ZAG01,ZAG MARSEILLE-AIX,FR02041,Urbaine,PM2.5,Fond,Oui,mesures fixes,Moy. journalière,11.0,10.85,µg-m3,100.0,100,100.0,A,1,43.639002,5.101097
Sausset les Pins,0.3452054794520548,ATMO SUD,FR93ZAG01,ZAG MARSEILLE-AIX,FR02021,Périurbaine,O3,Fond,Oui,mesures fixes,Max. journalier moy. hor.,73.4,73.35,µg-m3,100.0,100,100.0,R,1,43.331245,5.117696
TOULON CLARET,0.4054794520547945,ATMO SUD,FR93ZAG03,ZAG TOULON,FR03071,Urbaine,PM10,Fond,Oui,mesures fixes,Moy. journalière,26.0,25.6041666667,µg-m3,100.0,100,100.0,A,1,43.131113,5.924184
TOULON FOCH,0.1260273972602739,ATMO SUD,FR93ZAG03,ZAG TOULON,FR03068,Urbaine,PM10,Trafic,Oui,mesures fixes,Moy. journalière,0.0,0.0,µg-m3,0.0,100,0.0,N,-1,43.126821,5.921605
VALLEE HUVEAUNE,0.3671232876712328,ATMO SUD,FR93ZAG01,ZAG MARSEILLE-AIX,FR03037,Périurbaine,O3,Fond,Oui,mesures fixes,Max. journalier moy. hor.,72.2,72.225,µg-m3,100.0,100,100.0,R,1,43.283341,5.511384
Blois nord,0.2328767123287671,LIG'AIR,FR24ZAR02,ZAR BLOIS,FR34061,Urbaine,O3,Fond,Oui,mesures fixes,Max. journalier moy. hor.,64.3,64.275,µg-m3,100.0,100,100.0,R,1,47.594256,1.302667
Blois_trafic,0.0410958904109589,LIG'AIR,FR24ZAR02,ZAR BLOIS,FR34063,Urbaine,PM2.5,Trafic,Oui,mesures fixes,Moy. journalière,8.8,8.8166666667,µg-m3,100.0,100,100.0,A,1,47.586544,1.326533
Bourges-Baffier,0.0136986301369863,LIG'AIR,FR24ZRE02,ZR CENTRE-VAL-DE-LOIRE,FR34030,Urbaine,PM10,Trafic,Oui,mesures fixes,Moy. journalière,13.0,12.5625,µg-m3,100.0,100,100.0,A,1,47.075044,2.407183
Chartres_trafic,0.0438356164383561,LIG'AIR,FR24ZRE02,ZR CENTRE-VAL-DE-LOIRE,FR34048,Urbaine,PM2.5,Trafic,Oui,mesures fixes,Moy. journalière,9.7,9.725,µg-m3,100.0,100,100.0,A,1,48.449158,1.492469
Chateauroux Sud,0.1917808219178082,LIG'AIR,FR24ZRE02,ZR CENTRE-VAL-DE-LOIRE,FR34051,Urbaine,O3,Fond,Oui,mesures fixes,Max. journalier moy. hor.,71.0,71.0,µg-m3,100.0,100,100.0,A,1,46.798278,1.693139
Dreux Centre,0.2,LIG'AIR,FR24ZRE02,ZR CENTRE-VAL-DE-LOIRE,FR34046,Urbaine,O3,Fond,Oui,mesures fixes,Max. journalier moy. hor.,67.5,67.5,µg-m3,100.0,100,100.0,A,1,48.729694,1.358472
Faverolles,0.1506849315068493,LIG'AIR,FR24ZRE02,ZR CENTRE-VAL-DE-LOIRE,FR34054,Rurale régionale,O3,Fond,Oui,mesures fixes,Max. journalier moy. hor.,65.7,65.7,µg-m3,100.0,100,100.0,A,1,47.170167,1.409694
Fulbert,0.1972602739726027,LIG'AIR,FR24ZRE02,ZR CENTRE-VAL-DE-LOIRE,FR34041,Urbaine,O3,Fond,Oui,mesures fixes,Max. journalier moy. hor.,59.3,59.325,µg-m3,100.0,100,100.0,A,1,48.444417,1.510139
Gambetta,0.0520547945205479,LIG'AIR,FR24ZAG02,ZAG ORLEANS,FR34013,Urbaine,PM10,Trafic,Oui,mesures fixes,Moy. journalière,16.0,16.3625,µg-m3,100.0,100,100.0,A,1,47.907083,1.901139
Joué lès Tours,0.1835616438356164,LIG'AIR,FR24ZAG01,ZAG TOURS,FR34024,Urbaine,O3,Fond,Oui,mesures fixes,Max. journalier moy. hor.,58.7,58.7,µg-m3,100.0,100,100.0,A,1,47.344139,0.653778
La Bruyère,0.0,LIG'AIR,FR24ZAG01,ZAG TOURS,FR34025,Urbaine,NO2,Fond,Oui,mesures fixes,Max. journalier moy. hor.,24.3,24.275,µg-m3,100.0,100,100.0,A,1,47.419083,0.682944
La_Source-CNRS,0.2142857142857142,LIG'AIR,FR24ZAG02,ZAG ORLEANS,FR34029,Urbaine,O3,Fond,Oui,mesures fixes,Max. journalier moy. hor.,68.1,68.075,µg-m3,100.0,100,100.0,A,1,47.83775,1.944667
Leblanc,0.1863013698630137,LIG'AIR,FR24ZRE02,ZR CENTRE-VAL-DE-LOIRE,FR34032,Urbaine,O3,Fond,Oui,mesures fixes,Max. journalier moy. hor.,65.0,65.025,µg-m3,100.0,100,100.0,A,1,47.082778,2.405333
Marigny-les-usages,0.1123287671232876,LIG'AIR,FR24ZAG02,ZAG ORLEANS,FR34017,Périurbaine,O3,Fond,Oui,mesures fixes,Max. journalier moy. hor.,64.5,64.5,µg-m3,100.0,100,100.0,A,1,47.958972,2.009278
Montargis Fond,0.0,LIG'AIR,FR24ZRE02,ZR CENTRE-VAL-DE-LOIRE,FR34065,Urbaine,O3,Fond,Oui,mesures fixes,Max. journalier moy. hor.,55.3,55.325,µg-m3,100.0,100,100.0,A,1,47.996994,2.731511
Montargis Fond 2,0.1602209944751381,LIG'AIR,FR24ZRE02,ZR CENTRE-VAL-DE-LOIRE,FR34066,Urbaine,PM10,Fond,Oui,mesures fixes,Moy. journalière,3.0,3.2222222222,µg-m3,38.0,100,38.0,N,-1,48.00145,2.72618
Montargis_trafic,0.0383561643835616,LIG'AIR,FR24ZRE02,ZR CENTRE-VAL-DE-LOIRE,FR34064,Urbaine,PM2.5,Trafic,Oui,mesures fixes,Moy. journalière,8.6,8.6416666667,µg-m3,100.0,100,100.0,A,1,48.006936,2.740111
Montierchaume,0.1260273972602739,LIG'AIR,FR24ZRE02,ZR CENTRE-VAL-DE-LOIRE,FR34056,Périurbaine,O3,Fond,Oui,mesures fixes,Max. journalier moy. hor.,69.8,69.775,µg-m3,100.0,100,100.0,A,1,46.864528,1.771944
Oysonville,0.1408839779005525,LIG'AIR,FR24ZRE02,ZR CENTRE-VAL-DE-LOIRE,FR34043,Rurale régionale,O3,Fond,Oui,mesures fixes,Max. journalier moy. hor.,56.7,56.725,µg-m3,100.0,100,100.0,A,1,48.391139,1.955611
Pompidou,0.0904109589041095,LIG'AIR,FR24ZAG01,ZAG TOURS,FR34028,Urbaine,NO2,Trafic,Oui,mesures fixes,Max. journalier moy. hor.,49.5,49.45,µg-m3,100.0,100,100.0,A,1,47.394639,0.704861
Saint-Remy,0.0136986301369863,LIG'AIR,FR24ZRE02,ZR CENTRE-VAL-DE-LOIRE,FR34047,Périurbaine,PM10,Trafic,Oui,mesures fixes,Moy. journalière,19.0,18.8083333333,µg-m3,100.0,100,100.0,A,1,48.760889,1.233639
St Jean,0.0,LIG'AIR,FR24ZAG02,ZAG ORLEANS,FR34014,Urbaine,PM2.5,Fond,Oui,mesures fixes,Moy. journalière,11.0,10.575,µg-m3,100.0,100,100.0,A,1,47.917398,1.966258
St Jean de la Ruelle,0.095505617977528,LIG'AIR,FR24ZAG02,ZAG ORLEANS,FR34067,Urbaine,PM10,Fond,Oui,mesures fixes,Moy. journalière,8.0,7.58,µg-m3,63.0,100,63.0,N,-1,47.910303,1.873431
Tours péri-urbaine,0.1342465753424657,LIG'AIR,FR24ZAG01,ZAG TOURS,FR34026,Périurbaine,O3,Fond,Oui,mesures fixes,Max. journalier moy. hor.,65.1,65.1,µg-m3,100.0,100,100.0,A,1,47.46925,0.717333
Verneuil,0.1753424657534246,LIG'AIR,FR24ZRE02,ZR CENTRE-VAL-DE-LOIRE,FR34038,Rurale nationale,O3,Fond,Oui,mesures fixes,Max. journalier moy. hor.,69.0,69.0,µg-m3,100.0,100,100.0,A,1,46.814694,2.610069
AJACCIO ABBATUCCI,0.0659340659340659,QUALITAIR CORSE,FR94ZAR01,ZAR AJACCIO,FR41059,Urbaine,PM10,Trafic,Oui,mesures fixes,Moy. journalière,28.0,28.3791666667,µg-m3,100.0,100,100.0,A,1,41.92575,8.738278
AJACCIO CANETTO,0.1780821917808219,QUALITAIR CORSE,FR94ZAR01,ZAR AJACCIO,FR41001,Urbaine,PM2.5,Fond,Oui,mesures fixes,Moy. journalière,11.0,11.3458333333,µg-m3,100.0,100,100.0,A,1,41.924694,8.735694
AJACCIO PIATANICCIA,0.2821917808219178,QUALITAIR CORSE,FR94ZAR01,ZAR AJACCIO,FR41003,Périurbaine,PM10,Industrielle,Oui,mesures fixes,Moy. journalière,12.0,12.2541666667,µg-m3,100.0,100,100.0,A,1,41.958028,8.820278
AJACCIO SPOSATA,0.3013698630136986,QUALITAIR CORSE,FR94ZAR01,ZAR AJACCIO,FR41007,Périurbaine,NO2,Fond,Oui,mesures fixes,Max. journalier moy. hor.,17.5,17.5,µg-m3,100.0,100,100.0,A,1,41.949222,8.757583
BASTIA FANGO,0.0083102493074792,QUALITAIR CORSE,FR94ZAR02,ZAR BASTIA,FR41060,Urbaine,PM10,Trafic,Oui,mesures fixes,Moy. journalière,24.0,24.2208333333,µg-m3,100.0,100,100.0,A,1,42.702833,9.446389
BASTIA GIRAUD,0.2767123287671232,QUALITAIR CORSE,FR94ZAR02,ZAR BASTIA,FR41002,Urbaine,PM10,Fond,Oui,mesures fixes,Moy. journalière,21.0,21.0041666667,µg-m3,100.0,100,100.0,A,1,42.697917,9.446417
BASTIA LA MARANA,0.347945205479452,QUALITAIR CORSE,FR94ZAR02,ZAR BASTIA,FR41004,Périurbaine,PM10,Industrielle,Oui,mesures fixes,Moy. journalière,26.0,26.0833333333,µg-m3,100.0,100,100.0,A,1,42.535833,9.475972
BASTIA MONTESORO,0.4640883977900552,QUALITAIR CORSE,FR94ZAR02,ZAR BASTIA,FR41017,Périurbaine,O3,Fond,Oui,mesures fixes,Max. journalier moy. hor.,67.2,67.225,µg-m3,100.0,100,100.0,R,1,42.671333,9.434639
VENACO,0.2666666666666666,QUALITAIR CORSE,FR94ZRE01,ZR CORSE,FR41024,Rurale régionale,O3,Fond,Oui,mesures fixes,Max. journalier moy. hor.,62.1,62.05,µg-m3,100.0,100,100.0,R,1,42.236028,9.190028
