Date de début;Date de fin;Organisme;code zas;Zas;code site;nom site;type d'implantation;Polluant;type d'influence;Réglementaire;type d'évaluation;type de valeur;valeur;valeur brute;unité de mesure;taux de saisie;couverture temporelle;couverture de données;code qualité;validité;Latitude;Longitude
2023/01/01 00:00:00;2023/01/01 23:59:59;LIG'AIR;FR24ZRE02;ZR CENTRE-VAL-DE-LOIRE;FR34043;Oysonville;Rurale régionale;SO2;Fond;Oui;mesures fixes;Max. journalier moy. hor.;1.5;1.46667;µg-m3;100.0;100;100.0;R;1;48.391139;1.955611
2023/01/02 00:00:00;2023/01/02 23:59:59;LIG'AIR;FR24ZRE02;ZR CENTRE-VAL-DE-LOIRE;FR34043;Oysonville;Rurale régionale;SO2;Fond;Oui;mesures fixes;Max. journalier moy. hor.;0.3;0.3;µg-m3;100.0;100;100.0;R;1;48.391139;1.955611
2023/01/03 00:00:00;2023/01/03 23:59:59;LIG'AIR;FR24ZRE02;ZR CENTRE-VAL-DE-LOIRE;FR34043;Oysonville;Rurale régionale;SO2;Fond;Oui;mesures fixes;Max. journalier moy. hor.;1.2;1.2;µg-m3;100.0;100;100.0;R;1;48.391139;1.955611
2023/01/04 00:00:00;2023/01/04 23:59:59;LIG'AIR;FR24ZRE02;ZR CENTRE-VAL-DE-LOIRE;FR34043;Oysonville;Rurale régionale;SO2;Fond;Oui;mesures fixes;Max. journalier moy. hor.;2.0;1.975;µg-m3;100.0;100;100.0;R;1;48.391139;1.955611
2023/01/05 00:00:00;2023/01/05 23:59:59;LIG'AIR;FR24ZRE02;ZR CENTRE-VAL-DE-LOIRE;FR34043;Oysonville;Rurale régionale;SO2;Fond;Oui;mesures fixes;Max. journalier moy. hor.;0.8;0.8;µg-m3;100.0;100;100.0;R;1;48.391139;1.955611
2023/01/06 00:00:00;2023/01/06 23:59:59;LIG'AIR;FR24ZRE02;ZR CENTRE-VAL-DE-LOIRE;FR34043;Oysonville;Rurale régionale;SO2;Fond;Oui;mesures fixes;Max. journalier moy. hor.;1.5;1.5;µg-m3;100.0;100;100.0;R;1;48.391139;1.955611
2023/01/07 00:00:00;2023/01/07 23:59:59;LIG'AIR;FR24ZRE02;ZR CENTRE-VAL-DE-LOIRE;FR34043;Oysonville;Rurale régionale;SO2;Fond;Oui;mesures fixes;Max. journalier moy. hor.;1.6;1.55;µg-m3;100.0;100;100.0;R;1;48.391139;1.955611
2023/01/08 00:00:00;2023/01/08 23:59:59;LIG'AIR;FR24ZRE02;ZR CENTRE-VAL-DE-LOIRE;FR34043;Oysonville;Rurale régionale;SO2;Fond;Oui;mesures fixes;Max. journalier moy. hor.;1.6;1.625;µg-m3;100.0;100;100.0;R;1;48.391139;1.955611
2023/01/09 00:00:00;2023/01/09 23:59:59;LIG'AIR;FR24ZRE02;ZR CENTRE-VAL-DE-LOIRE;FR34043;Oysonville;Rurale régionale;SO2;Fond;Oui;mesures fixes;Max. journalier moy. hor.;1.0;1.025;µg-m3;100.0;100;100.0;R;1;48.391139;1.955611
2023/01/10 00:00:00;2023/01/10 23:59:59;LIG'AIR;FR24ZRE02;ZR CENTRE-VAL-DE-LOIRE;FR34043;Oysonville;Rurale régionale;SO2;Fond;Oui;mesures fixes;Max. journalier moy. hor.;1.1;1.06667;µg-m3;100.0;100;100.0;R;1;48.391139;1.955611
2023/01/11 00:00:00;2023/01/11 23:59:59;LIG'AIR;FR24ZRE02;ZR CENTRE-VAL-DE-LOIRE;FR34043;Oysonville;Rurale régionale;SO2;Fond;Oui;mesures fixes;Max. journalier moy. hor.;0.8;0.75;µg-m3;100.0;100;100.0;R;1;48.391139;1.955611
2023/01/12 00:00:00;2023/01/12 23:59:59;LIG'AIR;FR24ZRE02;ZR CENTRE-VAL-DE-LOIRE;FR34043;Oysonville;Rurale régionale;SO2;Fond;Oui;mesures fixes;Max. journalier moy. hor.;1.6;1.625;µg-m3;100.0;100;100.0;R;1;48.391139;1.955611
2023/01/13 00:00:00;2023/01/13 23:59:59;LIG'AIR;FR24ZRE02;ZR CENTRE-VAL-DE-LOIRE;FR34043;Oysonville;Rurale régionale;SO2;Fond;Oui;mesures fixes;Max. journalier moy. hor.;1.7;1.65;µg-m3;100.0;100;100.0;R;1;48.391139;1.955611
2023/01/14 00:00:00;2023/01/14 23:59:59;LIG'AIR;FR24ZRE02;ZR CENTRE-VAL-DE-LOIRE;FR34043;Oysonville;Rurale régionale;SO2;Fond;Oui;mesures fixes;Max. journalier moy. hor.;2.0;2.0;µg-m3;100.0;100;100.0;R;1;48.391139;1.955611
2023/01/15 00:00:00;2023/01/15 23:59:59;LIG'AIR;FR24ZRE02;ZR CENTRE-VAL-DE-LOIRE;FR34043;Oysonville;Rurale régionale;SO2;Fond;Oui;mesures fixes;Max. journalier moy. hor.;1.3;1.275;µg-m3;100.0;100;100.0;R;1;48.391139;1.955611
2023/01/16 00:00:00;2023/01/16 23:59:59;LIG'AIR;FR24ZRE02;ZR CENTRE-VAL-DE-LOIRE;FR34043;Oysonville;Rurale régionale;SO2;Fond;Oui;mesures fixes;Max. journalier moy. hor.;2.1;2.1;µg-m3;38.0;100;38.0;N;-1;48.391139;1.955611
2023/01/17 00:00:00;2023/01/17 23:59:59;LIG'AIR;FR24ZRE02;ZR CENTRE-VAL-DE-LOIRE;FR34043;Oysonville;Rurale régionale;SO2;Fond;Oui;mesures fixes;Max. journalier moy. hor.;0.8;0.75;µg-m3;100.0;100;100.0;R;1;48.391139;1.955611
2023/01/18 00:00:00;2023/01/18 23:59:59;LIG'AIR;FR24ZRE02;ZR CENTRE-VAL-DE-LOIRE;FR34043;Oysonville;Rurale régionale;SO2;Fond;Oui;mesures fixes;Max. journalier moy. hor.;0.8;0.8;µg-m3;100.0;100;100.0;R;1;48.391139;1.955611
2023/01/19 00:00:00;2023/01/19 23:59:59;LIG'AIR;FR24ZRE02;ZR CENTRE-VAL-DE-LOIRE;FR34043;Oysonville;Rurale régionale;SO2;Fond;Oui;mesures fixes;Max. journalier moy. hor.;1.0;1.025;µg-m3;100.0;100;100.0;R;1;48.391139;1.955611
2023/01/20 00:00:00;2023/01/20 23:59:59;LIG'AIR;FR24ZRE02;ZR CENTRE-VAL-DE-LOIRE;FR34043;Oysonville;Rurale régionale;SO2;Fond;Oui;mesures fixes;Max. journalier moy. hor.;0.9;0.85;µg-m3;100.0;100;100.0;R;1;48.391139;1.955611
2023/01/21 00:00:00;2023/01/21 23:59:59;LIG'AIR;FR24ZRE02;ZR CENTRE-VAL-DE-LOIRE;FR34043;Oysonville;Rurale régionale;SO2;Fond;Oui;mesures fixes;Max. journalier moy. hor.;1.3;1.25;µg-m3;100.0;100;100.0;R;1;48.391139;1.955611
2023/01/22 00:00:00;2023/01/22 23:59:59;LIG'AIR;FR24ZRE02;ZR CENTRE-VAL-DE-LOIRE;FR34043;Oysonville;Rurale régionale;SO2;Fond;Oui;mesures fixes;Max. journalier moy. hor.;1.5;1.45;µg-m3;100.0;100;100.0;R;1;48.391139;1.955611
2023/01/23 00:00:00;2023/01/23 23:59:59;LIG'AIR;FR24ZRE02;ZR CENTRE-VAL-DE-LOIRE;FR34043;Oysonville;Rurale régionale;SO2;Fond;Oui;mesures fixes;Max. journalier moy. hor.;1.6;1.55;µg-m3;83.0;100;83.0;R;1;48.391139;1.955611
2023/01/24 00:00:00;2023/01/24 23:59:59;LIG'AIR;FR24ZRE02;ZR CENTRE-VAL-DE-LOIRE;FR34043;Oysonville;Rurale régionale;SO2;Fond;Oui;mesures fixes;Max. journalier moy. hor.;1.0;1.025;µg-m3;100.0;100;100.0;R;1;48.391139;1.955611
2023/01/25 00:00:00;2023/01/25 23:59:59;LIG'AIR;FR24ZRE02;ZR CENTRE-VAL-DE-LOIRE;FR34043;Oysonville;Rurale régionale;SO2;Fond;Oui;mesures fixes;Max. journalier moy. hor.;0.8;0.8;µg-m3;100.0;100;100.0;R;1;48.391139;1.955611
2023/01/26 00:00:00;2023/01/26 23:59:59;LIG'AIR;FR24ZRE02;ZR CENTRE-VAL-DE-LOIRE;FR34043;Oysonville;Rurale régionale;SO2;Fond;Oui;mesures fixes;Max. journalier moy. hor.;0.5;0.45;µg-m3;100.0;100;100.0;R;1;48.391139;1.955611
2023/01/27 00:00:00;2023/01/27 23:59:59;LIG'AIR;FR24ZRE02;ZR CENTRE-VAL-DE-LOIRE;FR34043;Oysonville;Rurale régionale;SO2;Fond;Oui;mesures fixes;Max. journalier moy. hor.;0.4;0.425;µg-m3;100.0;100;100.0;R;1;48.391139;1.955611
2023/01/28 00:00:00;2023/01/28 23:59:59;LIG'AIR;FR24ZRE02;ZR CENTRE-VAL-DE-LOIRE;FR34043;Oysonville;Rurale régionale;SO2;Fond;Oui;mesures fixes;Max. journalier moy. hor.;0.4;0.425;µg-m3;100.0;100;100.0;R;1;48.391139;1.955611
2023/01/29 00:00:00;2023/01/29 23:59:59;LIG'AIR;FR24ZRE02;ZR CENTRE-VAL-DE-LOIRE;FR34043;Oysonville;Rurale régionale;SO2;Fond;Oui;mesures fixes;Max. journalier moy. hor.;0.7;0.65;µg-m3;100.0;100;100.0;R;1;48.391139;1.955611
2023/01/30 00:00:00;2023/01/30 23:59:59;LIG'AIR;FR24ZRE02;ZR CENTRE-VAL-DE-LOIRE;FR34043;Oysonville;Rurale régionale;SO2;Fond;Oui;mesures fixes;Max. journalier moy. hor.;0.7;0.7;µg-m3;92.0;100;92.0;R;1;48.391139;1.955611
2023/01/31 00:00:00;2023/01/31 23:59:59;LIG'AIR;FR24ZRE02;ZR CENTRE-VAL-DE-LOIRE;FR34043;Oysonville;Rurale régionale;SO2;Fond;Oui;mesures fixes;Max. journalier moy. hor.;0.4;0.43333;µg-m3;96.0;100;96.0;R;1;48.391139;1.955611
2023/02/01 00:00:00;2023/02/01 23:59:59;LIG'AIR;FR24ZRE02;ZR CENTRE-VAL-DE-LOIRE;FR34043;Oysonville;Rurale régionale;SO2;Fond;Oui;mesures fixes;Max. journalier moy. hor.;0.5;0.46667;µg-m3;100.0;100;100.0;R;1;48.391139;1.955611
2023/02/02 00:00:00;2023/02/02 23:59:59;LIG'AIR;FR24ZRE02;ZR CENTRE-VAL-DE-LOIRE;FR34043;Oysonville;Rurale régionale;SO2;Fond;Oui;mesures fixes;Max. journalier moy. hor.;1.4;1.4;µg-m3;100.0;100;100.0;R;1;48.391139;1.955611
2023/02/03 00:00:00;2023/02/03 23:59:59;LIG'AIR;FR24ZRE02;ZR CENTRE-VAL-DE-LOIRE;FR34043;Oysonville;Rurale régionale;SO2;Fond;Oui;mesures fixes;Max. journalier moy. hor.;1.1;1.1;µg-m3;100.0;100;100.0;R;1;48.391139;1.955611
2023/02/04 00:00:00;2023/02/04 23:59:59;LIG'AIR;FR24ZRE02;ZR CENTRE-VAL-DE-LOIRE;FR34043;Oysonville;Rurale régionale;SO2;Fond;Oui;mesures fixes;Max. journalier moy. hor.;0.2;0.15;µg-m3;100.0;100;100.0;R;1;48.391139;1.955611
2023/02/05 00:00:00;2023/02/05 23:59:59;LIG'AIR;FR24ZRE02;ZR CENTRE-VAL-DE-LOIRE;FR34043;Oysonville;Rurale régionale;SO2;Fond;Oui;mesures fixes;Max. journalier moy. hor.;0.5;0.45;µg-m3;100.0;100;100.0;R;1;48.391139;1.955611
2023/02/06 00:00:00;2023/02/06 23:59:59;LIG'AIR;FR24ZRE02;ZR CENTRE-VAL-DE-LOIRE;FR34043;Oysonville;Rurale régionale;SO2;Fond;Oui;mesures fixes;Max. journalier moy. hor.;0.3;0.325;µg-m3;100.0;100;100.0;R;1;48.391139;1.955611
2023/02/07 00:00:00;2023/02/07 23:59:59;LIG'AIR;FR24ZRE02;ZR CENTRE-VAL-DE-LOIRE;FR34043;Oysonville;Rurale régionale;SO2;Fond;Oui;mesures fixes;Max. journalier moy. hor.;1.8;1.825;µg-m3;100.0;100;100.0;R;1;48.391139;1.955611
2023/02/08 00:00:00;2023/02/08 23:59:59;LIG'AIR;FR24ZRE02;ZR CENTRE-VAL-DE-LOIRE;FR34043;Oysonville;Rurale régionale;SO2;Fond;Oui;mesures fixes;Max. journalier moy. hor.;2.7;2.675;µg-m3;100.0;100;100.0;R;1;48.391139;1.955611
2023/02/09 00:00:00;2023/02/09 23:59:59;LIG'AIR;FR24ZRE02;ZR CENTRE-VAL-DE-LOIRE;FR34043;Oysonville;Rurale régionale;SO2;Fond;Oui;mesures fixes;Max. journalier moy. hor.;1.2;1.175;µg-m3;100.0;100;100.0;R;1;48.391139;1.955611
2023/02/10 00:00:00;2023/02/10 23:59:59;LIG'AIR;FR24ZRE02;ZR CENTRE-VAL-DE-LOIRE;FR34043;Oysonville;Rurale régionale;SO2;Fond;Oui;mesures fixes;Max. journalier moy. hor.;0.7;0.7;µg-m3;100.0;100;100.0;R;1;48.391139;1.955611
2023/02/11 00:00:00;2023/02/11 23:59:59;LIG'AIR;FR24ZRE02;ZR CENTRE-VAL-DE-LOIRE;FR34043;Oysonville;Rurale régionale;SO2;Fond;Oui;mesures fixes;Max. journalier moy. hor.;1.1;1.125;µg-m3;100.0;100;100.0;R;1;48.391139;1.955611
2023/02/12 00:00:00;2023/02/12 23:59:59;LIG'AIR;FR24ZRE02;ZR CENTRE-VAL-DE-LOIRE;FR34043;Oysonville;Rurale régionale;SO2;Fond;Oui;mesures fixes;Max. journalier moy. hor.;-0.2;-0.15;µg-m3;100.0;100;100.0;R;1;48.391139;1.955611
2023/02/13 00:00:00;2023/02/13 23:59:59;LIG'AIR;FR24ZRE02;ZR CENTRE-VAL-DE-LOIRE;FR34043;Oysonville;Rurale régionale;SO2;Fond;Oui;mesures fixes;Max. journalier moy. hor.;0.7;0.725;µg-m3;100.0;100;100.0;R;1;48.391139;1.955611
2023/02/14 00:00:00;2023/02/14 23:59:59;LIG'AIR;FR24ZRE02;ZR CENTRE-VAL-DE-LOIRE;FR34043;Oysonville;Rurale régionale;SO2;Fond;Oui;mesures fixes;Max. journalier moy. hor.;3.7;3.65;µg-m3;100.0;100;100.0;R;1;48.391139;1.955611
2023/02/15 00:00:00;2023/02/15 23:59:59;LIG'AIR;FR24ZRE02;ZR CENTRE-VAL-DE-LOIRE;FR34043;Oysonville;Rurale régionale;SO2;Fond;Oui;mesures fixes;Max. journalier moy. hor.;1.7;1.65;µg-m3;100.0;100;100.0;R;1;48.391139;1.955611
2023/02/16 00:00:00;2023/02/16 23:59:59;LIG'AIR;FR24ZRE02;ZR CENTRE-VAL-DE-LOIRE;FR34043;Oysonville;Rurale régionale;SO2;Fond;Oui;mesures fixes;Max. journalier moy. hor.;0.2;0.15;µg-m3;100.0;100;100.0;R;1;48.391139;1.955611
2023/02/17 00:00:00;2023/02/17 23:59:59;LIG'AIR;FR24ZRE02;ZR CENTRE-VAL-DE-LOIRE;FR34043;Oysonville;Rurale régionale;SO2;Fond;Oui;mesures fixes;Max. journalier moy. hor.;0.6;0.6;µg-m3;100.0;100;100.0;R;1;48.391139;1.955611
2023/02/18 00:00:00;2023/02/18 23:59:59;LIG'AIR;FR24ZRE02;ZR CENTRE-VAL-DE-LOIRE;FR34043;Oysonville;Rurale régionale;SO2;Fond;Oui;mesures fixes;Max. journalier moy. hor.;0.8;0.8;µg-m3;100.0;100;100.0;R;1;48.391139;1.955611
2023/02/19 00:00:00;2023/02/19 23:59:59;LIG'AIR;FR24ZRE02;ZR CENTRE-VAL-DE-LOIRE;FR34043;Oysonville;Rurale régionale;SO2;Fond;Oui;mesures fixes;Max. journalier moy. hor.;0.5;0.45;µg-m3;100.0;100;100.0;R;1;48.391139;1.955611
2023/02/20 00:00:00;2023/02/20 23:59:59;LIG'AIR;FR24ZRE02;ZR CENTRE-VAL-DE-LOIRE;FR34043;Oysonville;Rurale régionale;SO2;Fond;Oui;mesures fixes;Max. journalier moy. hor.;0.7;0.675;µg-m3;100.0;100;100.0;R;1;48.391139;1.955611
2023/02/21 00:00:00;2023/02/21 23:59:59;LIG'AIR;FR24ZRE02;ZR CENTRE-VAL-DE-LOIRE;FR34043;Oysonville;Rurale régionale;SO2;Fond;Oui;mesures fixes;Max. journalier moy. hor.;4.8;4.8;µg-m3;100.0;100;100.0;R;1;48.391139;1.955611
2023/02/22 00:00:00;2023/02/22 23:59:59;LIG'AIR;FR24ZRE02;ZR CENTRE-VAL-DE-LOIRE;FR34043;Oysonville;Rurale régionale;SO2;Fond;Oui;mesures fixes;Max. journalier moy. hor.;0.4;0.375;µg-m3;100.0;100;100.0;R;1;48.391139;1.955611
2023/02/23 00:00:00;2023/02/23 23:59:59;LIG'AIR;FR24ZRE02;ZR CENTRE-VAL-DE-LOIRE;FR34043;Oysonville;Rurale régionale;SO2;Fond;Oui;mesures fixes;Max. journalier moy. hor.;0.4;0.35;µg-m3;100.0;100;100.0;R;1;48.391139;1.955611
2023/02/24 00:00:00;2023/02/24 23:59:59;LIG'AIR;FR24ZRE02;ZR CENTRE-VAL-DE-LOIRE;FR34043;Oysonville;Rurale régionale;SO2;Fond;Oui;mesures fixes;Max. journalier moy. hor.;0.5;0.45;µg-m3;100.0;100;100.0;R;1;48.391139;1.955611
2023/02/25 00:00:00;2023/02/25 23:59:59;LIG'AIR;FR24ZRE02;ZR CENTRE-VAL-DE-LOIRE;FR34043;Oysonville;Rurale régionale;SO2;Fond;Oui;mesures fixes;Max. journalier moy. hor.;0.7;0.675;µg-m3;100.0;100;100.0;R;1;48.391139;1.955611
2023/02/26 00:00:00;2023/02/26 23:59:59;LIG'AIR;FR24ZRE02;ZR CENTRE-VAL-DE-LOIRE;FR34043;Oysonville;Rurale régionale;SO2;Fond;Oui;mesures fixes;Max. journalier moy. hor.;0.3;0.275;µg-m3;100.0;100;100.0;R;1;48.391139;1.955611
2023/02/27 00:00:00;2023/02/27 23:59:59;LIG'AIR;FR24ZRE02;ZR CENTRE-VAL-DE-LOIRE;FR34043;Oysonville;Rurale régionale;SO2;Fond;Oui;mesures fixes;Max. journalier moy. hor.;0.8;0.825;µg-m3;100.0;100;100.0;R;1;48.391139;1.955611
2023/02/28 00:00:00;2023/02/28 23:59:59;LIG'AIR;FR24ZRE02;ZR CENTRE-VAL-DE-LOIRE;FR34043;Oysonville;Rurale régionale;SO2;Fond;Oui;mesures fixes;Max. journalier moy. hor.;1.0;1.025;µg-m3;100.0;100;100.0;R;1;48.391139;1.955611
2023/03/01 00:00:00;2023/03/01 23:59:59;LIG'AIR;FR24ZRE02;ZR CENTRE-VAL-DE-LOIRE;FR34043;Oysonville;Rurale régionale;SO2;Fond;Oui;mesures fixes;Max. journalier moy. hor.;2.6;2.575;µg-m3;100.0;100;100.0;R;1;48.391139;1.955611
2023/03/02 00:00:00;2023/03/02 23:59:59;LIG'AIR;FR24ZRE02;ZR CENTRE-VAL-DE-LOIRE;FR34043;Oysonville;Rurale régionale;SO2;Fond;Oui;mesures fixes;Max. journalier moy. hor.;1.6;1.55;µg-m3;100.0;100;100.0;R;1;48.391139;1.955611
2023/03/03 00:00:00;2023/03/03 23:59:59;LIG'AIR;FR24ZRE02;ZR CENTRE-VAL-DE-LOIRE;FR34043;Oysonville;Rurale régionale;SO2;Fond;Oui;mesures fixes;Max. journalier moy. hor.;1.1;1.05;µg-m3;100.0;100;100.0;R;1;48.391139;1.955611
2023/03/04 00:00:00;2023/03/04 23:59:59;LIG'AIR;FR24ZRE02;ZR CENTRE-VAL-DE-LOIRE;FR34043;Oysonville;Rurale régionale;SO2;Fond;Oui;mesures fixes;Max. journalier moy. hor.;0.2;0.225;µg-m3;100.0;100;100.0;R;1;48.391139;1.955611
2023/03/05 00:00:00;2023/03/05 23:59:59;LIG'AIR;FR24ZRE02;ZR CENTRE-VAL-DE-LOIRE;FR34043;Oysonville;Rurale régionale;SO2;Fond;Oui;mesures fixes;Max. journalier moy. hor.;0.1;0.06667;µg-m3;100.0;100;100.0;R;1;48.391139;1.955611
2023/03/06 00:00:00;2023/03/06 23:59:59;LIG'AIR;FR24ZRE02;ZR CENTRE-VAL-DE-LOIRE;FR34043;Oysonville;Rurale régionale;SO2;Fond;Oui;mesures fixes;Max. journalier moy. hor.;0.7;0.65;µg-m3;100.0;100;100.0;R;1;48.391139;1.955611
2023/03/07 00:00:00;2023/03/07 23:59:59;LIG'AIR;FR24ZRE02;ZR CENTRE-VAL-DE-LOIRE;FR34043;Oysonville;Rurale régionale;SO2;Fond;Oui;mesures fixes;Max. journalier moy. hor.;0.9;0.925;µg-m3;100.0;100;100.0;R;1;48.391139;1.955611
2023/03/08 00:00:00;2023/03/08 23:59:59;LIG'AIR;FR24ZRE02;ZR CENTRE-VAL-DE-LOIRE;FR34043;Oysonville;Rurale régionale;SO2;Fond;Oui;mesures fixes;Max. journalier moy. hor.;0.4;0.375;µg-m3;100.0;100;100.0;R;1;48.391139;1.955611
2023/03/09 00:00:00;2023/03/09 23:59:59;LIG'AIR;FR24ZRE02;ZR CENTRE-VAL-DE-LOIRE;FR34043;Oysonville;Rurale régionale;SO2;Fond;Oui;mesures fixes;Max. journalier moy. hor.;1.0;0.95;µg-m3;96.0;100;96.0;R;1;48.391139;1.955611
2023/03/10 00:00:00;2023/03/10 23:59:59;LIG'AIR;FR24ZRE02;ZR CENTRE-VAL-DE-LOIRE;FR34043;Oysonville;Rurale régionale;SO2;Fond;Oui;mesures fixes;Max. journalier moy. hor.;0.4;0.4;µg-m3;100.0;100;100.0;R;1;48.391139;1.955611
2023/03/11 00:00:00;2023/03/11 23:59:59;LIG'AIR;FR24ZRE02;ZR CENTRE-VAL-DE-LOIRE;FR34043;Oysonville;Rurale régionale;SO2;Fond;Oui;mesures fixes;Max. journalier moy. hor.;0.4;0.4;µg-m3;100.0;100;100.0;R;1;48.391139;1.955611
2023/03/12 00:00:00;2023/03/12 23:59:59;LIG'AIR;FR24ZRE02;ZR CENTRE-VAL-DE-LOIRE;FR34043;Oysonville;Rurale régionale;SO2;Fond;Oui;mesures fixes;Max. journalier moy. hor.;-0.8;-0.8;µg-m3;100.0;100;100.0;R;1;48.391139;1.955611
2023/03/13 00:00:00;2023/03/13 23:59:59;LIG'AIR;FR24ZRE02;ZR CENTRE-VAL-DE-LOIRE;FR34043;Oysonville;Rurale régionale;SO2;Fond;Oui;mesures fixes;Max. journalier moy. hor.;1.0;1.0;µg-m3;100.0;100;100.0;R;1;48.391139;1.955611
2023/03/14 00:00:00;2023/03/14 23:59:59;LIG'AIR;FR24ZRE02;ZR CENTRE-VAL-DE-LOIRE;FR34043;Oysonville;Rurale régionale;SO2;Fond;Oui;mesures fixes;Max. journalier moy. hor.;0.2;0.2;µg-m3;100.0;100;100.0;R;1;48.391139;1.955611
2023/03/15 00:00:00;2023/03/15 23:59:59;LIG'AIR;FR24ZRE02;ZR CENTRE-VAL-DE-LOIRE;FR34043;Oysonville;Rurale régionale;SO2;Fond;Oui;mesures fixes;Max. journalier moy. hor.;0.3;0.325;µg-m3;100.0;100;100.0;R;1;48.391139;1.955611
2023/03/16 00:00:00;2023/03/16 23:59:59;LIG'AIR;FR24ZRE02;ZR CENTRE-VAL-DE-LOIRE;FR34043;Oysonville;Rurale régionale;SO2;Fond;Oui;mesures fixes;Max. journalier moy. hor.;3.4;3.425;µg-m3;100.0;100;100.0;R;1;48.391139;1.955611
2023/03/17 00:00:00;2023/03/17 23:59:59;LIG'AIR;FR24ZRE02;ZR CENTRE-VAL-DE-LOIRE;FR34043;Oysonville;Rurale régionale;SO2;Fond;Oui;mesures fixes;Max. journalier moy. hor.;4.5;4.45;µg-m3;100.0;100;100.0;R;1;48.391139;1.955611
2023/03/18 00:00:00;2023/03/18 23:59:59;LIG'AIR;FR24ZRE02;ZR CENTRE-VAL-DE-LOIRE;FR34043;Oysonville;Rurale régionale;SO2;Fond;Oui;mesures fixes;Max. journalier moy. hor.;0.7;0.725;µg-m3;100.0;100;100.0;R;1;48.391139;1.955611
2023/03/19 00:00:00;2023/03/19 23:59:59;LIG'AIR;FR24ZRE02;ZR CENTRE-VAL-DE-LOIRE;FR34043;Oysonville;Rurale régionale;SO2;Fond;Oui;mesures fixes;Max. journalier moy. hor.;0.3;0.3;µg-m3;100.0;100;100.0;R;1;48.391139;1.955611
2023/03/20 00:00:00;2023/03/20 23:59:59;LIG'AIR;FR24ZRE02;ZR CENTRE-VAL-DE-LOIRE;FR34043;Oysonville;Rurale régionale;SO2;Fond;Oui;mesures fixes;Max. journalier moy. hor.;0.9;0.85;µg-m3;100.0;100;100.0;R;1;48.391139;1.955611
2023/03/21 00:00:00;2023/03/21 23:59:59;LIG'AIR;FR24ZRE02;ZR CENTRE-VAL-DE-LOIRE;FR34043;Oysonville;Rurale régionale;SO2;Fond;Oui;mesures fixes;Max. journalier moy. hor.;0.1;0.05;µg-m3;100.0;100;100.0;R;1;48.391139;1.955611
2023/03/22 00:00:00;2023/03/22 23:59:59;LIG'AIR;FR24ZRE02;ZR CENTRE-VAL-DE-LOIRE;FR34043;Oysonville;Rurale régionale;SO2;Fond;Oui;mesures fixes;Max. journalier moy. hor.;0.9;0.925;µg-m3;100.0;100;100.0;R;1;48.391139;1.955611
2023/03/23 00:00:00;2023/03/23 23:59:59;LIG'AIR;FR24ZRE02;ZR CENTRE-VAL-DE-LOIRE;FR34043;Oysonville;Rurale régionale;SO2;Fond;Oui;mesures fixes;Max. journalier moy. hor.;0.9;0.925;µg-m3;100.0;100;100.0;R;1;48.391139;1.955611
2023/03/24 00:00:00;2023/03/24 23:59:59;LIG'AIR;FR24ZRE02;ZR CENTRE-VAL-DE-LOIRE;FR34043;Oysonville;Rurale régionale;SO2;Fond;Oui;mesures fixes;Max. journalier moy. hor.;0.1;0.075;µg-m3;100.0;100;100.0;R;1;48.391139;1.955611
2023/03/25 00:00:00;2023/03/25 23:59:59;LIG'AIR;FR24ZRE02;ZR CENTRE-VAL-DE-LOIRE;FR34043;Oysonville;Rurale régionale;SO2;Fond;Oui;mesures fixes;Max. journalier moy. hor.;0.4;0.35;µg-m3;100.0;100;100.0;R;1;48.391139;1.955611
2023/03/26 00:00:00;2023/03/26 23:59:59;LIG'AIR;FR24ZRE02;ZR CENTRE-VAL-DE-LOIRE;FR34043;Oysonville;Rurale régionale;SO2;Fond;Oui;mesures fixes;Max. journalier moy. hor.;0.6;0.625;µg-m3;100.0;100;100.0;R;1;48.391139;1.955611
2023/03/27 00:00:00;2023/03/27 23:59:59;LIG'AIR;FR24ZRE02;ZR CENTRE-VAL-DE-LOIRE;FR34043;Oysonville;Rurale régionale;SO2;Fond;Oui;mesures fixes;Max. journalier moy. hor.;2.1;2.05;µg-m3;100.0;100;100.0;R;1;48.391139;1.955611
2023/03/28 00:00:00;2023/03/28 23:59:59;LIG'AIR;FR24ZRE02;ZR CENTRE-VAL-DE-LOIRE;FR34043;Oysonville;Rurale régionale;SO2;Fond;Oui;mesures fixes;Max. journalier moy. hor.;0.4;0.4;µg-m3;100.0;100;100.0;R;1;48.391139;1.955611
2023/03/29 00:00:00;2023/03/29 23:59:59;LIG'AIR;FR24ZRE02;ZR CENTRE-VAL-DE-LOIRE;FR34043;Oysonville;Rurale régionale;SO2;Fond;Oui;mesures fixes;Max. journalier moy. hor.;2.3;2.325;µg-m3;100.0;100;100.0;R;1;48.391139;1.955611
2023/03/30 00:00:00;2023/03/30 23:59:59;LIG'AIR;FR24ZRE02;ZR CENTRE-VAL-DE-LOIRE;FR34043;Oysonville;Rurale régionale;SO2;Fond;Oui;mesures fixes;Max. journalier moy. hor.;1.1;1.1;µg-m3;100.0;100;100.0;R;1;48.391139;1.955611
2023/03/31 00:00:00;2023/03/31 23:59:59;LIG'AIR;FR24ZRE02;ZR CENTRE-VAL-DE-LOIRE;FR34043;Oysonville;Rurale régionale;SO2;Fond;Oui;mesures fixes;Max. journalier moy. hor.;-0.1;-0.075;µg-m3;100.0;100;100.0;R;1;48.391139;1.955611
2023/04/01 00:00:00;2023/04/01 23:59:59;LIG'AIR;FR24ZRE02;ZR CENTRE-VAL-DE-LOIRE;FR34043;Oysonville;Rurale régionale;SO2;Fond;Oui;mesures fixes;Max. journalier moy. hor.;0.9;0.925;µg-m3;100.0;100;100.0;R;1;48.391139;1.955611
2023/04/02 00:00:00;2023/04/02 23:59:59;LIG'AIR;FR24ZRE02;ZR CENTRE-VAL-DE-LOIRE;FR34043;Oysonville;Rurale régionale;SO2;Fond;Oui;mesures fixes;Max. journalier moy. hor.;1.2;1.15;µg-m3;100.0;100;100.0;R;1;48.391139;1.955611
2023/04/03 00:00:00;2023/04/03 23:59:59;LIG'AIR;FR24ZRE02;ZR CENTRE-VAL-DE-LOIRE;FR34043;Oysonville;Rurale régionale;SO2;Fond;Oui;mesures fixes;Max. journalier moy. hor.;0.6;0.625;µg-m3;100.0;100;100.0;R;1;48.391139;1.955611
2023/04/04 00:00:00;2023/04/04 23:59:59;LIG'AIR;FR24ZRE02;ZR CENTRE-VAL-DE-LOIRE;FR34043;Oysonville;Rurale régionale;SO2;Fond;Oui;mesures fixes;Max. journalier moy. hor.;1.0;0.975;µg-m3;100.0;100;100.0;R;1;48.391139;1.955611
2023/04/05 00:00:00;2023/04/05 23:59:59;LIG'AIR;FR24ZRE02;ZR CENTRE-VAL-DE-LOIRE;FR34043;Oysonville;Rurale régionale;SO2;Fond;Oui;mesures fixes;Max. journalier moy. hor.;1.3;1.275;µg-m3;100.0;100;100.0;R;1;48.391139;1.955611
2023/04/06 00:00:00;2023/04/06 23:59:59;LIG'AIR;FR24ZRE02;ZR CENTRE-VAL-DE-LOIRE;FR34043;Oysonville;Rurale régionale;SO2;Fond;Oui;mesures fixes;Max. journalier moy. hor.;0.1;0.1;µg-m3;100.0;100;100.0;R;1;48.391139;1.955611
2023/04/07 00:00:00;2023/04/07 23:59:59;LIG'AIR;FR24ZRE02;ZR CENTRE-VAL-DE-LOIRE;FR34043;Oysonville;Rurale régionale;SO2;Fond;Oui;mesures fixes;Max. journalier moy. hor.;0.9;0.85;µg-m3;100.0;100;100.0;R;1;48.391139;1.955611
2023/04/08 00:00:00;2023/04/08 23:59:59;LIG'AIR;FR24ZRE02;ZR CENTRE-VAL-DE-LOIRE;FR34043;Oysonville;Rurale régionale;SO2;Fond;Oui;mesures fixes;Max. journalier moy. hor.;1.7;1.725;µg-m3;100.0;100;100.0;R;1;48.391139;1.955611
2023/04/09 00:00:00;2023/04/09 23:59:59;LIG'AIR;FR24ZRE02;ZR CENTRE-VAL-DE-LOIRE;FR34043;Oysonville;Rurale régionale;SO2;Fond;Oui;mesures fixes;Max. journalier moy. hor.;1.2;1.175;µg-m3;100.0;100;100.0;R;1;48.391139;1.955611
2023/04/10 00:00:00;2023/04/10 23:59:59;LIG'AIR;FR24ZRE02;ZR CENTRE-VAL-DE-LOIRE;FR34043;Oysonville;Rurale régionale;SO2;Fond;Oui;mesures fixes;Max. journalier moy. hor.;1.1;1.13333;µg-m3;100.0;100;100.0;R;1;48.391139;1.955611
2023/04/11 00:00:00;2023/04/11 23:59:59;LIG'AIR;FR24ZRE02;ZR CENTRE-VAL-DE-LOIRE;FR34043;Oysonville;Rurale régionale;SO2;Fond;Oui;mesures fixes;Max. journalier moy. hor.;0.3;0.325;µg-m3;100.0;100;100.0;R;1;48.391139;1.955611
2023/04/12 00:00:00;2023/04/12 23:59:59;LIG'AIR;FR24ZRE02;ZR CENTRE-VAL-DE-LOIRE;FR34043;Oysonville;Rurale régionale;SO2;Fond;Oui;mesures fixes;Max. journalier moy. hor.;-0.2;-0.23333;µg-m3;100.0;100;100.0;R;1;48.391139;1.955611
2023/04/13 00:00:00;2023/04/13 23:59:59;LIG'AIR;FR24ZRE02;ZR CENTRE-VAL-DE-LOIRE;FR34043;Oysonville;Rurale régionale;SO2;Fond;Oui;mesures fixes;Max. journalier moy. hor.;1.4;1.425;µg-m3;100.0;100;100.0;R;1;48.391139;1.955611
2023/04/14 00:00:00;2023/04/14 23:59:59;LIG'AIR;FR24ZRE02;ZR CENTRE-VAL-DE-LOIRE;FR34043;Oysonville;Rurale régionale;SO2;Fond;Oui;mesures fixes;Max. journalier moy. hor.;0.2;0.15;µg-m3;100.0;100;100.0;R;1;48.391139;1.955611
2023/04/15 00:00:00;2023/04/15 23:59:59;LIG'AIR;FR24ZRE02;ZR CENTRE-VAL-DE-LOIRE;FR34043;Oysonville;Rurale régionale;SO2;Fond;Oui;mesures fixes;Max. journalier moy. hor.;0.5;0.45;µg-m3;100.0;100;100.0;R;1;48.391139;1.955611
2023/04/16 00:00:00;2023/04/16 23:59:59;LIG'AIR;FR24ZRE02;ZR CENTRE-VAL-DE-LOIRE;FR34043;Oysonville;Rurale régionale;SO2;Fond;Oui;mesures fixes;Max. journalier moy. hor.;1.7;1.65;µg-m3;100.0;100;100.0;R;1;48.391139;1.955611
2023/04/17 00:00:00;2023/04/17 23:59:59;LIG'AIR;FR24ZRE02;ZR CENTRE-VAL-DE-LOIRE;FR34043;Oysonville;Rurale régionale;SO2;Fond;Oui;mesures fixes;Max. journalier moy. hor.;0.6;0.625;µg-m3;96.0;100;96.0;R;1;48.391139;1.955611
2023/04/18 00:00:00;2023/04/18 23:59:59;LIG'AIR;FR24ZRE02;ZR CENTRE-VAL-DE-LOIRE;FR34043;Oysonville;Rurale régionale;SO2;Fond;Oui;mesures fixes;Max. journalier moy. hor.;0.8;0.75;µg-m3;100.0;100;100.0;R;1;48.391139;1.955611
2023/04/19 00:00:00;2023/04/19 23:59:59;LIG'AIR;FR24ZRE02;ZR CENTRE-VAL-DE-LOIRE;FR34043;Oysonville;Rurale régionale;SO2;Fond;Oui;mesures fixes;Max. journalier moy. hor.;1.3;1.275;µg-m3;100.0;100;100.0;R;1;48.391139;1.955611
2023/04/20 00:00:00;2023/04/20 23:59:59;LIG'AIR;FR24ZRE02;ZR CENTRE-VAL-DE-LOIRE;FR34043;Oysonville;Rurale régionale;SO2;Fond;Oui;mesures fixes;Max. journalier moy. hor.;0.3;0.3;µg-m3;100.0;100;100.0;R;1;48.391139;1.955611
2023/04/21 00:00:00;2023/04/21 23:59:59;LIG'AIR;FR24ZRE02;ZR CENTRE-VAL-DE-LOIRE;FR34043;Oysonville;Rurale régionale;SO2;Fond;Oui;mesures fixes;Max. journalier moy. hor.;1.2;1.2;µg-m3;100.0;100;100.0;R;1;48.391139;1.955611
2023/04/22 00:00:00;2023/04/22 23:59:59;LIG'AIR;FR24ZRE02;ZR CENTRE-VAL-DE-LOIRE;FR34043;Oysonville;Rurale régionale;SO2;Fond;Oui;mesures fixes;Max. journalier moy. hor.;0.1;0.075;µg-m3;100.0;100;100.0;R;1;48.391139;1.955611
2023/04/23 00:00:00;2023/04/23 23:59:59;LIG'AIR;FR24ZRE02;ZR CENTRE-VAL-DE-LOIRE;FR34043;Oysonville;Rurale régionale;SO2;Fond;Oui;mesures fixes;Max. journalier moy. hor.;0.7;0.66667;µg-m3;100.0;100;100.0;R;1;48.391139;1.955611
2023/04/24 00:00:00;2023/04/24 23:59:59;LIG'AIR;FR24ZRE02;ZR CENTRE-VAL-DE-LOIRE;FR34043;Oysonville;Rurale régionale;SO2;Fond;Oui;mesures fixes;Max. journalier moy. hor.;-0.1;-0.1;µg-m3;100.0;100;100.0;R;1;48.391139;1.955611
2023/04/25 00:00:00;2023/04/25 23:59:59;LIG'AIR;FR24ZRE02;ZR CENTRE-VAL-DE-LOIRE;FR34043;Oysonville;Rurale régionale;SO2;Fond;Oui;mesures fixes;Max. journalier moy. hor.;1.0;0.975;µg-m3;100.0;100;100.0;R;1;48.391139;1.955611
2023/04/26 00:00:00;2023/04/26 23:59:59;LIG'AIR;FR24ZRE02;ZR CENTRE-VAL-DE-LOIRE;FR34043;Oysonville;Rurale régionale;SO2;Fond;Oui;mesures fixes;Max. journalier moy. hor.;1.7;1.65;µg-m3;100.0;100;100.0;R;1;48.391139;1.955611
2023/04/27 00:00:00;2023/04/27 23:59:59;LIG'AIR;FR24ZRE02;ZR CENTRE-VAL-DE-LOIRE;FR34043;Oysonville;Rurale régionale;SO2;Fond;Oui;mesures fixes;Max. journalier moy. hor.;1.7;1.65;µg-m3;100.0;100;100.0;R;1;48.391139;1.955611
2023/04/28 00:00:00;2023/04/28 23:59:59;LIG'AIR;FR24ZRE02;ZR CENTRE-VAL-DE-LOIRE;FR34043;Oysonville;Rurale régionale;SO2;Fond;Oui;mesures fixes;Max. journalier moy. hor.;1.5;1.5;µg-m3;100.0;100;100.0;R;1;48.391139;1.955611
2023/04/29 00:00:00;2023/04/29 23:59:59;LIG'AIR;FR24ZRE02;ZR CENTRE-VAL-DE-LOIRE;FR34043;Oysonville;Rurale régionale;SO2;Fond;Oui;mesures fixes;Max. journalier moy. hor.;1.3;1.26667;µg-m3;100.0;100;100.0;R;1;48.391139;1.955611
2023/04/30 00:00:00;2023/04/30 23:59:59;LIG'AIR;FR24ZRE02;ZR CENTRE-VAL-DE-LOIRE;FR34043;Oysonville;Rurale régionale;SO2;Fond;Oui;mesures fixes;Max. journalier moy. hor.;2.4;2.35;µg-m3;100.0;100;100.0;R;1;48.391139;1.955611
2023/05/01 00:00:00;2023/05/01 23:59:59;LIG'AIR;FR24ZRE02;ZR CENTRE-VAL-DE-LOIRE;FR34043;Oysonville;Rurale régionale;SO2;Fond;Oui;mesures fixes;Max. journalier moy. hor.;1.4;1.425;µg-m3;100.0;100;100.0;R;1;48.391139;1.955611
2023/05/02 00:00:00;2023/05/02 23:59:59;LIG'AIR;FR24ZRE02;ZR CENTRE-VAL-DE-LOIRE;FR34043;Oysonville;Rurale régionale;SO2;Fond;Oui;mesures fixes;Max. journalier moy. hor.;0.8;0.775;µg-m3;92.0;100;92.0;R;1;48.391139;1.955611
2023/05/03 00:00:00;2023/05/03 23:59:59;LIG'AIR;FR24ZRE02;ZR CENTRE-VAL-DE-LOIRE;FR34043;Oysonville;Rurale régionale;SO2;Fond;Oui;mesures fixes;Max. journalier moy. hor.;1.2;1.225;µg-m3;100.0;100;100.0;R;1;48.391139;1.955611
2023/05/04 00:00:00;2023/05/04 23:59:59;LIG'AIR;FR24ZRE02;ZR CENTRE-VAL-DE-LOIRE;FR34043;Oysonville;Rurale régionale;SO2;Fond;Oui;mesures fixes;Max. journalier moy. hor.;0.5;0.45;µg-m3;100.0;100;100.0;R;1;48.391139;1.955611
2023/05/05 00:00:00;2023/05/05 23:59:59;LIG'AIR;FR24ZRE02;ZR CENTRE-VAL-DE-LOIRE;FR34043;Oysonville;Rurale régionale;SO2;Fond;Oui;mesures fixes;Max. journalier moy. hor.;1.0;0.975;µg-m3;100.0;100;100.0;R;1;48.391139;1.955611
2023/05/06 00:00:00;2023/05/06 23:59:59;LIG'AIR;FR24ZRE02;ZR CENTRE-VAL-DE-LOIRE;FR34043;Oysonville;Rurale régionale;SO2;Fond;Oui;mesures fixes;Max. journalier moy. hor.;0.4;0.35;µg-m3;100.0;100;100.0;R;1;48.391139;1.955611
2023/05/07 00:00:00;2023/05/07 23:59:59;LIG'AIR;FR24ZRE02;ZR CENTRE-VAL-DE-LOIRE;FR34043;Oysonville;Rurale régionale;SO2;Fond;Oui;mesures fixes;Max. journalier moy. hor.;0.0;0.025;µg-m3;100.0;100;100.0;R;1;48.391139;1.955611
2023/05/08 00:00:00;2023/05/08 23:59:59;LIG'AIR;FR24ZRE02;ZR CENTRE-VAL-DE-LOIRE;FR34043;Oysonville;Rurale régionale;SO2;Fond;Oui;mesures fixes;Max. journalier moy. hor.;-0.4;-0.375;µg-m3;100.0;100;100.0;R;1;48.391139;1.955611
2023/05/09 00:00:00;2023/05/09 23:59:59;LIG'AIR;FR24ZRE02;ZR CENTRE-VAL-DE-LOIRE;FR34043;Oysonville;Rurale régionale;SO2;Fond;Oui;mesures fixes;Max. journalier moy. hor.;0.3;0.25;µg-m3;100.0;100;100.0;R;1;48.391139;1.955611
2023/05/10 00:00:00;2023/05/10 23:59:59;LIG'AIR;FR24ZRE02;ZR CENTRE-VAL-DE-LOIRE;FR34043;Oysonville;Rurale régionale;SO2;Fond;Oui;mesures fixes;Max. journalier moy. hor.;1.0;1.025;µg-m3;100.0;100;100.0;R;1;48.391139;1.955611
2023/05/11 00:00:00;2023/05/11 23:59:59;LIG'AIR;FR24ZRE02;ZR CENTRE-VAL-DE-LOIRE;FR34043;Oysonville;Rurale régionale;SO2;Fond;Oui;mesures fixes;Max. journalier moy. hor.;1.7;1.675;µg-m3;100.0;100;100.0;R;1;48.391139;1.955611
2023/05/12 00:00:00;2023/05/12 23:59:59;LIG'AIR;FR24ZRE02;ZR CENTRE-VAL-DE-LOIRE;FR34043;Oysonville;Rurale régionale;SO2;Fond;Oui;mesures fixes;Max. journalier moy. hor.;0.5;0.46667;µg-m3;100.0;100;100.0;R;1;48.391139;1.955611
2023/05/13 00:00:00;2023/05/13 23:59:59;LIG'AIR;FR24ZRE02;ZR CENTRE-VAL-DE-LOIRE;FR34043;Oysonville;Rurale régionale;SO2;Fond;Oui;mesures fixes;Max. journalier moy. hor.;1.1;1.075;µg-m3;100.0;100;100.0;R;1;48.391139;1.955611
2023/05/14 00:00:00;2023/05/14 23:59:59;LIG'AIR;FR24ZRE02;ZR CENTRE-VAL-DE-LOIRE;FR34043;Oysonville;Rurale régionale;SO2;Fond;Oui;mesures fixes;Max. journalier moy. hor.;0.7;0.675;µg-m3;100.0;100;100.0;R;1;48.391139;1.955611
2023/05/15 00:00:00;2023/05/15 23:59:59;LIG'AIR;FR24ZRE02;ZR CENTRE-VAL-DE-LOIRE;FR34043;Oysonville;Rurale régionale;SO2;Fond;Oui;mesures fixes;Max. journalier moy. hor.;0.8;0.75;µg-m3;100.0;100;100.0;R;1;48.391139;1.955611
2023/05/16 00:00:00;2023/05/16 23:59:59;LIG'AIR;FR24ZRE02;ZR CENTRE-VAL-DE-LOIRE;FR34043;Oysonville;Rurale régionale;SO2;Fond;Oui;mesures fixes;Max. journalier moy. hor.;-0.1;-0.1;µg-m3;100.0;100;100.0;R;1;48.391139;1.955611
2023/05/17 00:00:00;2023/05/17 23:59:59;LIG'AIR;FR24ZRE02;ZR CENTRE-VAL-DE-LOIRE;FR34043;Oysonville;Rurale régionale;SO2;Fond;Oui;mesures fixes;Max. journalier moy. hor.;0.7;0.7;µg-m3;100.0;100;100.0;R;1;48.391139;1.955611
2023/05/18 00:00:00;2023/05/18 23:59:59;LIG'AIR;FR24ZRE02;ZR CENTRE-VAL-DE-LOIRE;FR34043;Oysonville;Rurale régionale;SO2;Fond;Oui;mesures fixes;Max. journalier moy. hor.;0.6;0.6;µg-m3;100.0;100;100.0;R;1;48.391139;1.955611
2023/05/19 00:00:00;2023/05/19 23:59:59;LIG'AIR;FR24ZRE02;ZR CENTRE-VAL-DE-LOIRE;FR34043;Oysonville;Rurale régionale;SO2;Fond;Oui;mesures fixes;Max. journalier moy. hor.;1.7;1.7;µg-m3;100.0;100;100.0;R;1;48.391139;1.955611
2023/05/20 00:00:00;2023/05/20 23:59:59;LIG'AIR;FR24ZRE02;ZR CENTRE-VAL-DE-LOIRE;FR34043;Oysonville;Rurale régionale;SO2;Fond;Oui;mesures fixes;Max. journalier moy. hor.;5.3;5.325;µg-m3;100.0;100;100.0;R;1;48.391139;1.955611
2023/05/21 00:00:00;2023/05/21 23:59:59;LIG'AIR;FR24ZRE02;ZR CENTRE-VAL-DE-LOIRE;FR34043;Oysonville;Rurale régionale;SO2;Fond;Oui;mesures fixes;Max. journalier moy. hor.;0.9;0.925;µg-m3;100.0;100;100.0;R;1;48.391139;1.955611
2023/05/22 00:00:00;2023/05/22 23:59:59;LIG'AIR;FR24ZRE02;ZR CENTRE-VAL-DE-LOIRE;FR34043;Oysonville;Rurale régionale;SO2;Fond;Oui;mesures fixes;Max. journalier moy. hor.;0.8;0.75;µg-m3;100.0;100;100.0;R;1;48.391139;1.955611
2023/05/23 00:00:00;2023/05/23 23:59:59;LIG'AIR;FR24ZRE02;ZR CENTRE-VAL-DE-LOIRE;FR34043;Oysonville;Rurale régionale;SO2;Fond;Oui;mesures fixes;Max. journalier moy. hor.;0.9;0.9;µg-m3;100.0;100;100.0;R;1;48.391139;1.955611
2023/05/24 00:00:00;2023/05/24 23:59:59;LIG'AIR;FR24ZRE02;ZR CENTRE-VAL-DE-LOIRE;FR34043;Oysonville;Rurale régionale;SO2;Fond;Oui;mesures fixes;Max. journalier moy. hor.;0.6;0.625;µg-m3;100.0;100;100.0;R;1;48.391139;1.955611
2023/05/25 00:00:00;2023/05/25 23:59:59;LIG'AIR;FR24ZRE02;ZR CENTRE-VAL-DE-LOIRE;FR34043;Oysonville;Rurale régionale;SO2;Fond;Oui;mesures fixes;Max. journalier moy. hor.;0.1;0.125;µg-m3;100.0;100;100.0;R;1;48.391139;1.955611
2023/05/26 00:00:00;2023/05/26 23:59:59;LIG'AIR;FR24ZRE02;ZR CENTRE-VAL-DE-LOIRE;FR34043;Oysonville;Rurale régionale;SO2;Fond;Oui;mesures fixes;Max. journalier moy. hor.;1.1;1.125;µg-m3;100.0;100;100.0;R;1;48.391139;1.955611
2023/05/27 00:00:00;2023/05/27 23:59:59;LIG'AIR;FR24ZRE02;ZR CENTRE-VAL-DE-LOIRE;FR34043;Oysonville;Rurale régionale;SO2;Fond;Oui;mesures fixes;Max. journalier moy. hor.;1.2;1.175;µg-m3;100.0;100;100.0;R;1;48.391139;1.955611
2023/05/28 00:00:00;2023/05/28 23:59:59;LIG'AIR;FR24ZRE02;ZR CENTRE-VAL-DE-LOIRE;FR34043;Oysonville;Rurale régionale;SO2;Fond;Oui;mesures fixes;Max. journalier moy. hor.;1.6;1.55;µg-m3;100.0;100;100.0;R;1;48.391139;1.955611
2023/05/29 00:00:00;2023/05/29 23:59:59;LIG'AIR;FR24ZRE02;ZR CENTRE-VAL-DE-LOIRE;FR34043;Oysonville;Rurale régionale;SO2;Fond;Oui;mesures fixes;Max. journalier moy. hor.;0.8;0.8;µg-m3;100.0;100;100.0;R;1;48.391139;1.955611
2023/05/30 00:00:00;2023/05/30 23:59:59;LIG'AIR;FR24ZRE02;ZR CENTRE-VAL-DE-LOIRE;FR34043;Oysonville;Rurale régionale;SO2;Fond;Oui;mesures fixes;Max. journalier moy. hor.;1.2;1.225;µg-m3;100.0;100;100.0;R;1;48.391139;1.955611
2023/05/31 00:00:00;2023/05/31 23:59:59;LIG'AIR;FR24ZRE02;ZR CENTRE-VAL-DE-LOIRE;FR34043;Oysonville;Rurale régionale;SO2;Fond;Oui;mesures fixes;Max. journalier moy. hor.;1.1;1.1;µg-m3;100.0;100;100.0;R;1;48.391139;1.955611
2023/06/01 00:00:00;2023/06/01 23:59:59;LIG'AIR;FR24ZRE02;ZR CENTRE-VAL-DE-LOIRE;FR34043;Oysonville;Rurale régionale;SO2;Fond;Oui;mesures fixes;Max. journalier moy. hor.;1.7;1.7;µg-m3;100.0;100;100.0;R;1;48.391139;1.955611
2023/06/02 00:00:00;2023/06/02 23:59:59;LIG'AIR;FR24ZRE02;ZR CENTRE-VAL-DE-LOIRE;FR34043;Oysonville;Rurale régionale;SO2;Fond;Oui;mesures fixes;Max. journalier moy. hor.;0.7;0.675;µg-m3;100.0;100;100.0;R;1;48.391139;1.955611
2023/06/03 00:00:00;2023/06/03 23:59:59;LIG'AIR;FR24ZRE02;ZR CENTRE-VAL-DE-LOIRE;FR34043;Oysonville;Rurale régionale;SO2;Fond;Oui;mesures fixes;Max. journalier moy. hor.;0.8;0.75;µg-m3;100.0;100;100.0;R;1;48.391139;1.955611
2023/06/04 00:00:00;2023/06/04 23:59:59;LIG'AIR;FR24ZRE02;ZR CENTRE-VAL-DE-LOIRE;FR34043;Oysonville;Rurale régionale;SO2;Fond;Oui;mesures fixes;Max. journalier moy. hor.;1.2;1.2;µg-m3;96.0;100;96.0;R;1;48.391139;1.955611
2023/06/05 00:00:00;2023/06/05 23:59:59;LIG'AIR;FR24ZRE02;ZR CENTRE-VAL-DE-LOIRE;FR34043;Oysonville;Rurale régionale;SO2;Fond;Oui;mesures fixes;Max. journalier moy. hor.;0.9;0.9;µg-m3;100.0;100;100.0;R;1;48.391139;1.955611
2023/06/06 00:00:00;2023/06/06 23:59:59;LIG'AIR;FR24ZRE02;ZR CENTRE-VAL-DE-LOIRE;FR34043;Oysonville;Rurale régionale;SO2;Fond;Oui;mesures fixes;Max. journalier moy. hor.;0.8;0.8;µg-m3;96.0;100;96.0;R;1;48.391139;1.955611
2023/06/07 00:00:00;2023/06/07 23:59:59;LIG'AIR;FR24ZRE02;ZR CENTRE-VAL-DE-LOIRE;FR34043;Oysonville;Rurale régionale;SO2;Fond;Oui;mesures fixes;Max. journalier moy. hor.;0.6;0.55;µg-m3;92.0;100;92.0;R;1;48.391139;1.955611
2023/06/08 00:00:00;2023/06/08 23:59:59;LIG'AIR;FR24ZRE02;ZR CENTRE-VAL-DE-LOIRE;FR34043;Oysonville;Rurale régionale;SO2;Fond;Oui;mesures fixes;Max. journalier moy. hor.;1.5;1.525;µg-m3;100.0;100;100.0;R;1;48.391139;1.955611
2023/06/09 00:00:00;2023/06/09 23:59:59;LIG'AIR;FR24ZRE02;ZR CENTRE-VAL-DE-LOIRE;FR34043;Oysonville;Rurale régionale;SO2;Fond;Oui;mesures fixes;Max. journalier moy. hor.;0.7;0.725;µg-m3;100.0;100;100.0;R;1;48.391139;1.955611
2023/06/10 00:00:00;2023/06/10 23:59:59;LIG'AIR;FR24ZRE02;ZR CENTRE-VAL-DE-LOIRE;FR34043;Oysonville;Rurale régionale;SO2;Fond;Oui;mesures fixes;Max. journalier moy. hor.;0.5;0.525;µg-m3;100.0;100;100.0;R;1;48.391139;1.955611
2023/06/11 00:00:00;2023/06/11 23:59:59;LIG'AIR;FR24ZRE02;ZR CENTRE-VAL-DE-LOIRE;FR34043;Oysonville;Rurale régionale;SO2;Fond;Oui;mesures fixes;Max. journalier moy. hor.;-0.1;-0.125;µg-m3;100.0;100;100.0;R;1;48.391139;1.955611
2023/06/12 00:00:00;2023/06/12 23:59:59;LIG'AIR;FR24ZRE02;ZR CENTRE-VAL-DE-LOIRE;FR34043;Oysonville;Rurale régionale;SO2;Fond;Oui;mesures fixes;Max. journalier moy. hor.;0.7;0.65;µg-m3;100.0;100;100.0;R;1;48.391139;1.955611
2023/06/13 00:00:00;2023/06/13 23:59:59;LIG'AIR;FR24ZRE02;ZR CENTRE-VAL-DE-LOIRE;FR34043;Oysonville;Rurale régionale;SO2;Fond;Oui;mesures fixes;Max. journalier moy. hor.;0.6;0.55;µg-m3;100.0;100;100.0;R;1;48.391139;1.955611
2023/06/14 00:00:00;2023/06/14 23:59:59;LIG'AIR;FR24ZRE02;ZR CENTRE-VAL-DE-LOIRE;FR34043;Oysonville;Rurale régionale;SO2;Fond;Oui;mesures fixes;Max. journalier moy. hor.;1.6;1.625;µg-m3;100.0;100;100.0;R;1;48.391139;1.955611
2023/06/15 00:00:00;2023/06/15 23:59:59;LIG'AIR;FR24ZRE02;ZR CENTRE-VAL-DE-LOIRE;FR34043;Oysonville;Rurale régionale;SO2;Fond;Oui;mesures fixes;Max. journalier moy. hor.;0.9;0.875;µg-m3;100.0;100;100.0;R;1;48.391139;1.955611
2023/06/16 00:00:00;2023/06/16 23:59:59;LIG'AIR;FR24ZRE02;ZR CENTRE-VAL-DE-LOIRE;FR34043;Oysonville;Rurale régionale;SO2;Fond;Oui;mesures fixes;Max. journalier moy. hor.;1.0;1.0;µg-m3;100.0;100;100.0;R;1;48.391139;1.955611
2023/06/17 00:00:00;2023/06/17 23:59:59;LIG'AIR;FR24ZRE02;ZR CENTRE-VAL-DE-LOIRE;FR34043;Oysonville;Rurale régionale;SO2;Fond;Oui;mesures fixes;Max. journalier moy. hor.;1.9;1.925;µg-m3;100.0;100;100.0;R;1;48.391139;1.955611
2023/06/18 00:00:00;2023/06/18 23:59:59;LIG'AIR;FR24ZRE02;ZR CENTRE-VAL-DE-LOIRE;FR34043;Oysonville;Rurale régionale;SO2;Fond;Oui;mesures fixes;Max. journalier moy. hor.;0.2;0.175;µg-m3;67.0;100;67.0;N;-1;48.391139;1.955611
2023/06/20 00:00:00;2023/06/20 23:59:59;LIG'AIR;FR24ZRE02;ZR CENTRE-VAL-DE-LOIRE;FR34043;Oysonville;Rurale régionale;SO2;Fond;Oui;mesures fixes;Max. journalier moy. hor.;1.3;1.275;µg-m3;79.0;100;79.0;A;1;48.391139;1.955611
2023/06/21 00:00:00;2023/06/21 23:59:59;LIG'AIR;FR24ZRE02;ZR CENTRE-VAL-DE-LOIRE;FR34043;Oysonville;Rurale régionale;SO2;Fond;Oui;mesures fixes;Max. journalier moy. hor.;0.7;0.675;µg-m3;96.0;100;96.0;A;1;48.391139;1.955611
2023/06/22 00:00:00;2023/06/22 23:59:59;LIG'AIR;FR24ZRE02;ZR CENTRE-VAL-DE-LOIRE;FR34043;Oysonville;Rurale régionale;SO2;Fond;Oui;mesures fixes;Max. journalier moy. hor.;0.7;0.65;µg-m3;96.0;100;96.0;A;1;48.391139;1.955611
2023/06/23 00:00:00;2023/06/23 23:59:59;LIG'AIR;FR24ZRE02;ZR CENTRE-VAL-DE-LOIRE;FR34043;Oysonville;Rurale régionale;SO2;Fond;Oui;mesures fixes;Max. journalier moy. hor.;0.8;0.8;µg-m3;96.0;100;96.0;A;1;48.391139;1.955611
2023/06/24 00:00:00;2023/06/24 23:59:59;LIG'AIR;FR24ZRE02;ZR CENTRE-VAL-DE-LOIRE;FR34043;Oysonville;Rurale régionale;SO2;Fond;Oui;mesures fixes;Max. journalier moy. hor.;0.3;0.275;µg-m3;96.0;100;96.0;A;1;48.391139;1.955611
2023/06/25 00:00:00;2023/06/25 23:59:59;LIG'AIR;FR24ZRE02;ZR CENTRE-VAL-DE-LOIRE;FR34043;Oysonville;Rurale régionale;SO2;Fond;Oui;mesures fixes;Max. journalier moy. hor.;0.4;0.425;µg-m3;96.0;100;96.0;A;1;48.391139;1.955611
2023/06/26 00:00:00;2023/06/26 23:59:59;LIG'AIR;FR24ZRE02;ZR CENTRE-VAL-DE-LOIRE;FR34043;Oysonville;Rurale régionale;SO2;Fond;Oui;mesures fixes;Max. journalier moy. hor.;1.0;1.025;µg-m3;92.0;100;92.0;R;1;48.391139;1.955611
2023/06/27 00:00:00;2023/06/27 23:59:59;LIG'AIR;FR24ZRE02;ZR CENTRE-VAL-DE-LOIRE;FR34043;Oysonville;Rurale régionale;SO2;Fond;Oui;mesures fixes;Max. journalier moy. hor.;1.5;1.5;µg-m3;92.0;100;92.0;A;1;48.391139;1.955611
2023/06/28 00:00:00;2023/06/28 23:59:59;LIG'AIR;FR24ZRE02;ZR CENTRE-VAL-DE-LOIRE;FR34043;Oysonville;Rurale régionale;SO2;Fond;Oui;mesures fixes;Max. journalier moy. hor.;0.9;0.85;µg-m3;96.0;100;96.0;R;1;48.391139;1.955611
2023/06/29 00:00:00;2023/06/29 23:59:59;LIG'AIR;FR24ZRE02;ZR CENTRE-VAL-DE-LOIRE;FR34043;Oysonville;Rurale régionale;SO2;Fond;Oui;mesures fixes;Max. journalier moy. hor.;1.3;1.275;µg-m3;92.0;100;92.0;A;1;48.391139;1.955611
2023/06/30 00:00:00;2023/06/30 23:59:59;LIG'AIR;FR24ZRE02;ZR CENTRE-VAL-DE-LOIRE;FR34043;Oysonville;Rurale régionale;SO2;Fond;Oui;mesures fixes;Max. journalier moy. hor.;1.5;1.5;µg-m3;96.0;100;96.0;R;1;48.391139;1.955611
2023/07/01 00:00:00;2023/07/01 23:59:59;LIG'AIR;FR24ZRE02;ZR CENTRE-VAL-DE-LOIRE;FR34043;Oysonville;Rurale régionale;SO2;Fond;Oui;mesures fixes;Max. journalier moy. hor.;0.2;0.175;µg-m3;92.0;100;92.0;A;1;48.391139;1.955611
2023/07/02 00:00:00;2023/07/02 23:59:59;LIG'AIR;FR24ZRE02;ZR CENTRE-VAL-DE-LOIRE;FR34043;Oysonville;Rurale régionale;SO2;Fond;Oui;mesures fixes;Max. journalier moy. hor.;-0.4;-0.35;µg-m3;96.0;100;96.0;A;1;48.391139;1.955611
2023/07/03 00:00:00;2023/07/03 23:59:59;LIG'AIR;FR24ZRE02;ZR CENTRE-VAL-DE-LOIRE;FR34043;Oysonville;Rurale régionale;SO2;Fond;Oui;mesures fixes;Max. journalier moy. hor.;0.0;0.025;µg-m3;96.0;100;96.0;R;1;48.391139;1.955611
2023/07/04 00:00:00;2023/07/04 23:59:59;LIG'AIR;FR24ZRE02;ZR CENTRE-VAL-DE-LOIRE;FR34043;Oysonville;Rurale régionale;SO2;Fond;Oui;mesures fixes;Max. journalier moy. hor.;0.4;0.425;µg-m3;96.0;100;96.0;A;1;48.391139;1.955611
2023/07/05 00:00:00;2023/07/05 23:59:59;LIG'AIR;FR24ZRE02;ZR CENTRE-VAL-DE-LOIRE;FR34043;Oysonville;Rurale régionale;SO2;Fond;Oui;mesures fixes;Max. journalier moy. hor.;-0.4;-0.4;µg-m3;13.0;100;13.0;N;-1;48.391139;1.955611
2023/07/07 00:00:00;2023/07/07 23:59:59;LIG'AIR;FR24ZRE02;ZR CENTRE-VAL-DE-LOIRE;FR34043;Oysonville;Rurale régionale;SO2;Fond;Oui;mesures fixes;Max. journalier moy. hor.;0.0;0.025;µg-m3;96.0;100;96.0;A;1;48.391139;1.955611
2023/07/08 00:00:00;2023/07/08 23:59:59;LIG'AIR;FR24ZRE02;ZR CENTRE-VAL-DE-LOIRE;FR34043;Oysonville;Rurale régionale;SO2;Fond;Oui;mesures fixes;Max. journalier moy. hor.;0.4;0.375;µg-m3;100.0;100;100.0;R;1;48.391139;1.955611
2023/07/09 00:00:00;2023/07/09 23:59:59;LIG'AIR;FR24ZRE02;ZR CENTRE-VAL-DE-LOIRE;FR34043;Oysonville;Rurale régionale;SO2;Fond;Oui;mesures fixes;Max. journalier moy. hor.;0.6;0.625;µg-m3;100.0;100;100.0;R;1;48.391139;1.955611
2023/07/10 00:00:00;2023/07/10 23:59:59;LIG'AIR;FR24ZRE02;ZR CENTRE-VAL-DE-LOIRE;FR34043;Oysonville;Rurale régionale;SO2;Fond;Oui;mesures fixes;Max. journalier moy. hor.;0.0;0.025;µg-m3;100.0;100;100.0;R;1;48.391139;1.955611
2023/07/11 00:00:00;2023/07/11 23:59:59;LIG'AIR;FR24ZRE02;ZR CENTRE-VAL-DE-LOIRE;FR34043;Oysonville;Rurale régionale;SO2;Fond;Oui;mesures fixes;Max. journalier moy. hor.;0.0;0.03333;µg-m3;100.0;100;100.0;R;1;48.391139;1.955611
2023/07/12 00:00:00;2023/07/12 23:59:59;LIG'AIR;FR24ZRE02;ZR CENTRE-VAL-DE-LOIRE;FR34043;Oysonville;Rurale régionale;SO2;Fond;Oui;mesures fixes;Max. journalier moy. hor.;0.1;0.075;µg-m3;100.0;100;100.0;R;1;48.391139;1.955611
2023/07/13 00:00:00;2023/07/13 23:59:59;LIG'AIR;FR24ZRE02;ZR CENTRE-VAL-DE-LOIRE;FR34043;Oysonville;Rurale régionale;SO2;Fond;Oui;mesures fixes;Max. journalier moy. hor.;0.5;0.45;µg-m3;100.0;100;100.0;R;1;48.391139;1.955611
2023/07/14 00:00:00;2023/07/14 23:59:59;LIG'AIR;FR24ZRE02;ZR CENTRE-VAL-DE-LOIRE;FR34043;Oysonville;Rurale régionale;SO2;Fond;Oui;mesures fixes;Max. journalier moy. hor.;0.7;0.65;µg-m3;100.0;100;100.0;R;1;48.391139;1.955611
2023/07/15 00:00:00;2023/07/15 23:59:59;LIG'AIR;FR24ZRE02;ZR CENTRE-VAL-DE-LOIRE;FR34043;Oysonville;Rurale régionale;SO2;Fond;Oui;mesures fixes;Max. journalier moy. hor.;-0.2;-0.16667;µg-m3;100.0;100;100.0;R;1;48.391139;1.955611
2023/07/16 00:00:00;2023/07/16 23:59:59;LIG'AIR;FR24ZRE02;ZR CENTRE-VAL-DE-LOIRE;FR34043;Oysonville;Rurale régionale;SO2;Fond;Oui;mesures fixes;Max. journalier moy. hor.;0.5;0.525;µg-m3;92.0;100;92.0;R;1;48.391139;1.955611
2023/07/17 00:00:00;2023/07/17 23:59:59;LIG'AIR;FR24ZRE02;ZR CENTRE-VAL-DE-LOIRE;FR34043;Oysonville;Rurale régionale;SO2;Fond;Oui;mesures fixes;Max. journalier moy. hor.;0.6;0.55;µg-m3;100.0;100;100.0;R;1;48.391139;1.955611
2023/07/18 00:00:00;2023/07/18 23:59:59;LIG'AIR;FR24ZRE02;ZR CENTRE-VAL-DE-LOIRE;FR34043;Oysonville;Rurale régionale;SO2;Fond;Oui;mesures fixes;Max. journalier moy. hor.;0.4;0.375;µg-m3;100.0;100;100.0;R;1;48.391139;1.955611
2023/07/19 00:00:00;2023/07/19 23:59:59;LIG'AIR;FR24ZRE02;ZR CENTRE-VAL-DE-LOIRE;FR34043;Oysonville;Rurale régionale;SO2;Fond;Oui;mesures fixes;Max. journalier moy. hor.;0.0;0.03333;µg-m3;100.0;100;100.0;R;1;48.391139;1.955611
2023/07/20 00:00:00;2023/07/20 23:59:59;LIG'AIR;FR24ZRE02;ZR CENTRE-VAL-DE-LOIRE;FR34043;Oysonville;Rurale régionale;SO2;Fond;Oui;mesures fixes;Max. journalier moy. hor.;-0.2;-0.15;µg-m3;100.0;100;100.0;R;1;48.391139;1.955611
2023/07/21 00:00:00;2023/07/21 23:59:59;LIG'AIR;FR24ZRE02;ZR CENTRE-VAL-DE-LOIRE;FR34043;Oysonville;Rurale régionale;SO2;Fond;Oui;mesures fixes;Max. journalier moy. hor.;0.5;0.5;µg-m3;100.0;100;100.0;R;1;48.391139;1.955611
2023/07/22 00:00:00;2023/07/22 23:59:59;LIG'AIR;FR24ZRE02;ZR CENTRE-VAL-DE-LOIRE;FR34043;Oysonville;Rurale régionale;SO2;Fond;Oui;mesures fixes;Max. journalier moy. hor.;0.4;0.375;µg-m3;100.0;100;100.0;R;1;48.391139;1.955611
2023/07/23 00:00:00;2023/07/23 23:59:59;LIG'AIR;FR24ZRE02;ZR CENTRE-VAL-DE-LOIRE;FR34043;Oysonville;Rurale régionale;SO2;Fond;Oui;mesures fixes;Max. journalier moy. hor.;0.2;0.15;µg-m3;92.0;100;92.0;R;1;48.391139;1.955611
2023/07/24 00:00:00;2023/07/24 23:59:59;LIG'AIR;FR24ZRE02;ZR CENTRE-VAL-DE-LOIRE;FR34043;Oysonville;Rurale régionale;SO2;Fond;Oui;mesures fixes;Max. journalier moy. hor.;0.4;0.35;µg-m3;92.0;100;92.0;R;1;48.391139;1.955611
2023/07/25 00:00:00;2023/07/25 23:59:59;LIG'AIR;FR24ZRE02;ZR CENTRE-VAL-DE-LOIRE;FR34043;Oysonville;Rurale régionale;SO2;Fond;Oui;mesures fixes;Max. journalier moy. hor.;0.8;0.775;µg-m3;100.0;100;100.0;R;1;48.391139;1.955611
2023/07/26 00:00:00;2023/07/26 23:59:59;LIG'AIR;FR24ZRE02;ZR CENTRE-VAL-DE-LOIRE;FR34043;Oysonville;Rurale régionale;SO2;Fond;Oui;mesures fixes;Max. journalier moy. hor.;0.4;0.4;µg-m3;75.0;100;75.0;R;1;48.391139;1.955611
2023/07/27 00:00:00;2023/07/27 23:59:59;LIG'AIR;FR24ZRE02;ZR CENTRE-VAL-DE-LOIRE;FR34043;Oysonville;Rurale régionale;SO2;Fond;Oui;mesures fixes;Max. journalier moy. hor.;1.0;0.95;µg-m3;100.0;100;100.0;R;1;48.391139;1.955611
2023/07/28 00:00:00;2023/07/28 23:59:59;LIG'AIR;FR24ZRE02;ZR CENTRE-VAL-DE-LOIRE;FR34043;Oysonville;Rurale régionale;SO2;Fond;Oui;mesures fixes;Max. journalier moy. hor.;-0.2;-0.2;µg-m3;58.0;100;58.0;N;-1;48.391139;1.955611
2023/08/02 00:00:00;2023/08/02 23:59:59;LIG'AIR;FR24ZRE02;ZR CENTRE-VAL-DE-LOIRE;FR34043;Oysonville;Rurale régionale;SO2;Fond;Oui;mesures fixes;Max. journalier moy. hor.;0.5;0.475;µg-m3;96.0;100;96.0;A;1;48.391139;1.955611
2023/08/03 00:00:00;2023/08/03 23:59:59;LIG'AIR;FR24ZRE02;ZR CENTRE-VAL-DE-LOIRE;FR34043;Oysonville;Rurale régionale;SO2;Fond;Oui;mesures fixes;Max. journalier moy. hor.;-0.1;-0.125;µg-m3;100.0;100;100.0;R;1;48.391139;1.955611
2023/08/04 00:00:00;2023/08/04 23:59:59;LIG'AIR;FR24ZRE02;ZR CENTRE-VAL-DE-LOIRE;FR34043;Oysonville;Rurale régionale;SO2;Fond;Oui;mesures fixes;Max. journalier moy. hor.;0.1;0.1;µg-m3;100.0;100;100.0;R;1;48.391139;1.955611
2023/08/05 00:00:00;2023/08/05 23:59:59;LIG'AIR;FR24ZRE02;ZR CENTRE-VAL-DE-LOIRE;FR34043;Oysonville;Rurale régionale;SO2;Fond;Oui;mesures fixes;Max. journalier moy. hor.;0.1;0.075;µg-m3;100.0;100;100.0;R;1;48.391139;1.955611
2023/08/06 00:00:00;2023/08/06 23:59:59;LIG'AIR;FR24ZRE02;ZR CENTRE-VAL-DE-LOIRE;FR34043;Oysonville;Rurale régionale;SO2;Fond;Oui;mesures fixes;Max. journalier moy. hor.;0.1;0.05;µg-m3;100.0;100;100.0;R;1;48.391139;1.955611
2023/08/07 00:00:00;2023/08/07 23:59:59;LIG'AIR;FR24ZRE02;ZR CENTRE-VAL-DE-LOIRE;FR34043;Oysonville;Rurale régionale;SO2;Fond;Oui;mesures fixes;Max. journalier moy. hor.;0.8;0.775;µg-m3;96.0;100;96.0;R;1;48.391139;1.955611
2023/08/08 00:00:00;2023/08/08 23:59:59;LIG'AIR;FR24ZRE02;ZR CENTRE-VAL-DE-LOIRE;FR34043;Oysonville;Rurale régionale;SO2;Fond;Oui;mesures fixes;Max. journalier moy. hor.;0.0;0.025;µg-m3;100.0;100;100.0;R;1;48.391139;1.955611
2023/08/09 00:00:00;2023/08/09 23:59:59;LIG'AIR;FR24ZRE02;ZR CENTRE-VAL-DE-LOIRE;FR34043;Oysonville;Rurale régionale;SO2;Fond;Oui;mesures fixes;Max. journalier moy. hor.;0.3;0.25;µg-m3;100.0;100;100.0;R;1;48.391139;1.955611
2023/08/10 00:00:00;2023/08/10 23:59:59;LIG'AIR;FR24ZRE02;ZR CENTRE-VAL-DE-LOIRE;FR34043;Oysonville;Rurale régionale;SO2;Fond;Oui;mesures fixes;Max. journalier moy. hor.;0.1;0.05;µg-m3;100.0;100;100.0;R;1;48.391139;1.955611
2023/08/11 00:00:00;2023/08/11 23:59:59;LIG'AIR;FR24ZRE02;ZR CENTRE-VAL-DE-LOIRE;FR34043;Oysonville;Rurale régionale;SO2;Fond;Oui;mesures fixes;Max. journalier moy. hor.;-0.7;-0.725;µg-m3;100.0;100;100.0;R;1;48.391139;1.955611
2023/08/12 00:00:00;2023/08/12 23:59:59;LIG'AIR;FR24ZRE02;ZR CENTRE-VAL-DE-LOIRE;FR34043;Oysonville;Rurale régionale;SO2;Fond;Oui;mesures fixes;Max. journalier moy. hor.;-0.3;-0.25;µg-m3;100.0;100;100.0;R;1;48.391139;1.955611
2023/08/13 00:00:00;2023/08/13 23:59:59;LIG'AIR;FR24ZRE02;ZR CENTRE-VAL-DE-LOIRE;FR34043;Oysonville;Rurale régionale;SO2;Fond;Oui;mesures fixes;Max. journalier moy. hor.;0.8;0.825;µg-m3;100.0;100;100.0;R;1;48.391139;1.955611
2023/08/14 00:00:00;2023/08/14 23:59:59;LIG'AIR;FR24ZRE02;ZR CENTRE-VAL-DE-LOIRE;FR34043;Oysonville;Rurale régionale;SO2;Fond;Oui;mesures fixes;Max. journalier moy. hor.;0.2;0.2;µg-m3;100.0;100;100.0;R;1;48.391139;1.955611
2023/08/15 00:00:00;2023/08/15 23:59:59;LIG'AIR;FR24ZRE02;ZR CENTRE-VAL-DE-LOIRE;FR34043;Oysonville;Rurale régionale;SO2;Fond;Oui;mesures fixes;Max. journalier moy. hor.;0.0;0.0;µg-m3;100.0;100;100.0;R;1;48.391139;1.955611
2023/08/16 00:00:00;2023/08/16 23:59:59;LIG'AIR;FR24ZRE02;ZR CENTRE-VAL-DE-LOIRE;FR34043;Oysonville;Rurale régionale;SO2;Fond;Oui;mesures fixes;Max. journalier moy. hor.;0.6;0.625;µg-m3;100.0;100;100.0;R;1;48.391139;1.955611
2023/08/17 00:00:00;2023/08/17 23:59:59;LIG'AIR;FR24ZRE02;ZR CENTRE-VAL-DE-LOIRE;FR34043;Oysonville;Rurale régionale;SO2;Fond;Oui;mesures fixes;Max. journalier moy. hor.;-0.1;-0.075;µg-m3;100.0;100;100.0;R;1;48.391139;1.955611
2023/08/18 00:00:00;2023/08/18 23:59:59;LIG'AIR;FR24ZRE02;ZR CENTRE-VAL-DE-LOIRE;FR34043;Oysonville;Rurale régionale;SO2;Fond;Oui;mesures fixes;Max. journalier moy. hor.;-0.1;-0.1;µg-m3;100.0;100;100.0;R;1;48.391139;1.955611
2023/08/19 00:00:00;2023/08/19 23:59:59;LIG'AIR;FR24ZRE02;ZR CENTRE-VAL-DE-LOIRE;FR34043;Oysonville;Rurale régionale;SO2;Fond;Oui;mesures fixes;Max. journalier moy. hor.;0.0;0.0;µg-m3;100.0;100;100.0;R;1;48.391139;1.955611
2023/08/20 00:00:00;2023/08/20 23:59:59;LIG'AIR;FR24ZRE02;ZR CENTRE-VAL-DE-LOIRE;FR34043;Oysonville;Rurale régionale;SO2;Fond;Oui;mesures fixes;Max. journalier moy. hor.;0.6;0.55;µg-m3;100.0;100;100.0;R;1;48.391139;1.955611
2023/08/21 00:00:00;2023/08/21 23:59:59;LIG'AIR;FR24ZRE02;ZR CENTRE-VAL-DE-LOIRE;FR34043;Oysonville;Rurale régionale;SO2;Fond;Oui;mesures fixes;Max. journalier moy. hor.;1.3;1.3;µg-m3;100.0;100;100.0;R;1;48.391139;1.955611
2023/08/22 00:00:00;2023/08/22 23:59:59;LIG'AIR;FR24ZRE02;ZR CENTRE-VAL-DE-LOIRE;FR34043;Oysonville;Rurale régionale;SO2;Fond;Oui;mesures fixes;Max. journalier moy. hor.;0.8;0.76667;µg-m3;100.0;100;100.0;R;1;48.391139;1.955611
2023/08/23 00:00:00;2023/08/23 23:59:59;LIG'AIR;FR24ZRE02;ZR CENTRE-VAL-DE-LOIRE;FR34043;Oysonville;Rurale régionale;SO2;Fond;Oui;mesures fixes;Max. journalier moy. hor.;0.6;0.6;µg-m3;100.0;100;100.0;R;1;48.391139;1.955611
2023/08/24 00:00:00;2023/08/24 23:59:59;LIG'AIR;FR24ZRE02;ZR CENTRE-VAL-DE-LOIRE;FR34043;Oysonville;Rurale régionale;SO2;Fond;Oui;mesures fixes;Max. journalier moy. hor.;0.4;0.425;µg-m3;100.0;100;100.0;R;1;48.391139;1.955611
2023/08/25 00:00:00;2023/08/25 23:59:59;LIG'AIR;FR24ZRE02;ZR CENTRE-VAL-DE-LOIRE;FR34043;Oysonville;Rurale régionale;SO2;Fond;Oui;mesures fixes;Max. journalier moy. hor.;0.0;-0.03333;µg-m3;100.0;100;100.0;R;1;48.391139;1.955611
2023/08/26 00:00:00;2023/08/26 23:59:59;LIG'AIR;FR24ZRE02;ZR CENTRE-VAL-DE-LOIRE;FR34043;Oysonville;Rurale régionale;SO2;Fond;Oui;mesures fixes;Max. journalier moy. hor.;0.4;0.425;µg-m3;100.0;100;100.0;R;1;48.391139;1.955611
2023/08/27 00:00:00;2023/08/27 23:59:59;LIG'AIR;FR24ZRE02;ZR CENTRE-VAL-DE-LOIRE;FR34043;Oysonville;Rurale régionale;SO2;Fond;Oui;mesures fixes;Max. journalier moy. hor.;0.8;0.825;µg-m3;100.0;100;100.0;R;1;48.391139;1.955611
2023/08/28 00:00:00;2023/08/28 23:59:59;LIG'AIR;FR24ZRE02;ZR CENTRE-VAL-DE-LOIRE;FR34043;Oysonville;Rurale régionale;SO2;Fond;Oui;mesures fixes;Max. journalier moy. hor.;0.0;0.025;µg-m3;100.0;100;100.0;R;1;48.391139;1.955611
2023/08/29 00:00:00;2023/08/29 23:59:59;LIG'AIR;FR24ZRE02;ZR CENTRE-VAL-DE-LOIRE;FR34043;Oysonville;Rurale régionale;SO2;Fond;Oui;mesures fixes;Max. journalier moy. hor.;1.9;1.925;µg-m3;100.0;100;100.0;R;1;48.391139;1.955611
2023/08/30 00:00:00;2023/08/30 23:59:59;LIG'AIR;FR24ZRE02;ZR CENTRE-VAL-DE-LOIRE;FR34043;Oysonville;Rurale régionale;SO2;Fond;Oui;mesures fixes;Max. journalier moy. hor.;0.5;0.45;µg-m3;100.0;100;100.0;R;1;48.391139;1.955611
2023/08/31 00:00:00;2023/08/31 23:59:59;LIG'AIR;FR24ZRE02;ZR CENTRE-VAL-DE-LOIRE;FR34043;Oysonville;Rurale régionale;SO2;Fond;Oui;mesures fixes;Max. journalier moy. hor.;0.6;0.55;µg-m3;100.0;100;100.0;R;1;48.391139;1.955611
2023/09/01 00:00:00;2023/09/01 23:59:59;LIG'AIR;FR24ZRE02;ZR CENTRE-VAL-DE-LOIRE;FR34043;Oysonville;Rurale régionale;SO2;Fond;Oui;mesures fixes;Max. journalier moy. hor.;0.4;0.4;µg-m3;100.0;100;100.0;R;1;48.391139;1.955611
2023/09/02 00:00:00;2023/09/02 23:59:59;LIG'AIR;FR24ZRE02;ZR CENTRE-VAL-DE-LOIRE;FR34043;Oysonville;Rurale régionale;SO2;Fond;Oui;mesures fixes;Max. journalier moy. hor.;0.2;0.15;µg-m3;100.0;100;100.0;R;1;48.391139;1.955611
2023/09/03 00:00:00;2023/09/03 23:59:59;LIG'AIR;FR24ZRE02;ZR CENTRE-VAL-DE-LOIRE;FR34043;Oysonville;Rurale régionale;SO2;Fond;Oui;mesures fixes;Max. journalier moy. hor.;0.9;0.875;µg-m3;100.0;100;100.0;R;1;48.391139;1.955611
2023/09/04 00:00:00;2023/09/04 23:59:59;LIG'AIR;FR24ZRE02;ZR CENTRE-VAL-DE-LOIRE;FR34043;Oysonville;Rurale régionale;SO2;Fond;Oui;mesures fixes;Max. journalier moy. hor.;0.4;0.375;µg-m3;100.0;100;100.0;R;1;48.391139;1.955611
2023/09/05 00:00:00;2023/09/05 23:59:59;LIG'AIR;FR24ZRE02;ZR CENTRE-VAL-DE-LOIRE;FR34043;Oysonville;Rurale régionale;SO2;Fond;Oui;mesures fixes;Max. journalier moy. hor.;0.9;0.925;µg-m3;100.0;100;100.0;R;1;48.391139;1.955611
2023/09/06 00:00:00;2023/09/06 23:59:59;LIG'AIR;FR24ZRE02;ZR CENTRE-VAL-DE-LOIRE;FR34043;Oysonville;Rurale régionale;SO2;Fond;Oui;mesures fixes;Max. journalier moy. hor.;0.7;0.725;µg-m3;100.0;100;100.0;R;1;48.391139;1.955611
2023/09/07 00:00:00;2023/09/07 23:59:59;LIG'AIR;FR24ZRE02;ZR CENTRE-VAL-DE-LOIRE;FR34043;Oysonville;Rurale régionale;SO2;Fond;Oui;mesures fixes;Max. journalier moy. hor.;1.0;0.975;µg-m3;100.0;100;100.0;R;1;48.391139;1.955611
2023/09/08 00:00:00;2023/09/08 23:59:59;LIG'AIR;FR24ZRE02;ZR CENTRE-VAL-DE-LOIRE;FR34043;Oysonville;Rurale régionale;SO2;Fond;Oui;mesures fixes;Max. journalier moy. hor.;0.5;0.5;µg-m3;100.0;100;100.0;R;1;48.391139;1.955611
2023/09/09 00:00:00;2023/09/09 23:59:59;LIG'AIR;FR24ZRE02;ZR CENTRE-VAL-DE-LOIRE;FR34043;Oysonville;Rurale régionale;SO2;Fond;Oui;mesures fixes;Max. journalier moy. hor.;1.3;1.275;µg-m3;100.0;100;100.0;R;1;48.391139;1.955611
2023/09/10 00:00:00;2023/09/10 23:59:59;LIG'AIR;FR24ZRE02;ZR CENTRE-VAL-DE-LOIRE;FR34043;Oysonville;Rurale régionale;SO2;Fond;Oui;mesures fixes;Max. journalier moy. hor.;0.7;0.7;µg-m3;100.0;100;100.0;R;1;48.391139;1.955611
2023/09/11 00:00:00;2023/09/11 23:59:59;LIG'AIR;FR24ZRE02;ZR CENTRE-VAL-DE-LOIRE;FR34043;Oysonville;Rurale régionale;SO2;Fond;Oui;mesures fixes;Max. journalier moy. hor.;0.5;0.525;µg-m3;96.0;100;96.0;R;1;48.391139;1.955611
2023/09/12 00:00:00;2023/09/12 23:59:59;LIG'AIR;FR24ZRE02;ZR CENTRE-VAL-DE-LOIRE;FR34043;Oysonville;Rurale régionale;SO2;Fond;Oui;mesures fixes;Max. journalier moy. hor.;-0.7;-0.66667;µg-m3;38.0;100;38.0;N;-1;48.391139;1.955611
2023/09/14 00:00:00;2023/09/14 23:59:59;LIG'AIR;FR24ZRE02;ZR CENTRE-VAL-DE-LOIRE;FR34043;Oysonville;Rurale régionale;SO2;Fond;Oui;mesures fixes;Max. journalier moy. hor.;0.6;0.55;µg-m3;96.0;100;96.0;A;1;48.391139;1.955611
2023/09/15 00:00:00;2023/09/15 23:59:59;LIG'AIR;FR24ZRE02;ZR CENTRE-VAL-DE-LOIRE;FR34043;Oysonville;Rurale régionale;SO2;Fond;Oui;mesures fixes;Max. journalier moy. hor.;1.5;1.5;µg-m3;100.0;100;100.0;R;1;48.391139;1.955611
2023/09/16 00:00:00;2023/09/16 23:59:59;LIG'AIR;FR24ZRE02;ZR CENTRE-VAL-DE-LOIRE;FR34043;Oysonville;Rurale régionale;SO2;Fond;Oui;mesures fixes;Max. journalier moy. hor.;0.5;0.475;µg-m3;100.0;100;100.0;R;1;48.391139;1.955611
2023/09/17 00:00:00;2023/09/17 23:59:59;LIG'AIR;FR24ZRE02;ZR CENTRE-VAL-DE-LOIRE;FR34043;Oysonville;Rurale régionale;SO2;Fond;Oui;mesures fixes;Max. journalier moy. hor.;0.3;0.325;µg-m3;100.0;100;100.0;R;1;48.391139;1.955611
2023/09/18 00:00:00;2023/09/18 23:59:59;LIG'AIR;FR24ZRE02;ZR CENTRE-VAL-DE-LOIRE;FR34043;Oysonville;Rurale régionale;SO2;Fond;Oui;mesures fixes;Max. journalier moy. hor.;0.0;0.0;µg-m3;96.0;100;96.0;R;1;48.391139;1.955611
2023/09/19 00:00:00;2023/09/19 23:59:59;LIG'AIR;FR24ZRE02;ZR CENTRE-VAL-DE-LOIRE;FR34043;Oysonville;Rurale régionale;SO2;Fond;Oui;mesures fixes;Max. journalier moy. hor.;0.7;0.675;µg-m3;100.0;100;100.0;R;1;48.391139;1.955611
2023/09/20 00:00:00;2023/09/20 23:59:59;LIG'AIR;FR24ZRE02;ZR CENTRE-VAL-DE-LOIRE;FR34043;Oysonville;Rurale régionale;SO2;Fond;Oui;mesures fixes;Max. journalier moy. hor.;-0.2;-0.16667;µg-m3;100.0;100;100.0;R;1;48.391139;1.955611
2023/09/21 00:00:00;2023/09/21 23:59:59;LIG'AIR;FR24ZRE02;ZR CENTRE-VAL-DE-LOIRE;FR34043;Oysonville;Rurale régionale;SO2;Fond;Oui;mesures fixes;Max. journalier moy. hor.;0.3;0.275;µg-m3;100.0;100;100.0;R;1;48.391139;1.955611
2023/09/22 00:00:00;2023/09/22 23:59:59;LIG'AIR;FR24ZRE02;ZR CENTRE-VAL-DE-LOIRE;FR34043;Oysonville;Rurale régionale;SO2;Fond;Oui;mesures fixes;Max. journalier moy. hor.;-0.4;-0.4;µg-m3;100.0;100;100.0;R;1;48.391139;1.955611
2023/09/23 00:00:00;2023/09/23 23:59:59;LIG'AIR;FR24ZRE02;ZR CENTRE-VAL-DE-LOIRE;FR34043;Oysonville;Rurale régionale;SO2;Fond;Oui;mesures fixes;Max. journalier moy. hor.;0.7;0.725;µg-m3;100.0;100;100.0;R;1;48.391139;1.955611
2023/09/24 00:00:00;2023/09/24 23:59:59;LIG'AIR;FR24ZRE02;ZR CENTRE-VAL-DE-LOIRE;FR34043;Oysonville;Rurale régionale;SO2;Fond;Oui;mesures fixes;Max. journalier moy. hor.;0.4;0.4;µg-m3;100.0;100;100.0;R;1;48.391139;1.955611
2023/09/25 00:00:00;2023/09/25 23:59:59;LIG'AIR;FR24ZRE02;ZR CENTRE-VAL-DE-LOIRE;FR34043;Oysonville;Rurale régionale;SO2;Fond;Oui;mesures fixes;Max. journalier moy. hor.;1.0;1.03333;µg-m3;100.0;100;100.0;R;1;48.391139;1.955611
2023/09/26 00:00:00;2023/09/26 23:59:59;LIG'AIR;FR24ZRE02;ZR CENTRE-VAL-DE-LOIRE;FR34043;Oysonville;Rurale régionale;SO2;Fond;Oui;mesures fixes;Max. journalier moy. hor.;0.0;0.0;µg-m3;100.0;100;100.0;R;1;48.391139;1.955611
2023/09/27 00:00:00;2023/09/27 23:59:59;LIG'AIR;FR24ZRE02;ZR CENTRE-VAL-DE-LOIRE;FR34043;Oysonville;Rurale régionale;SO2;Fond;Oui;mesures fixes;Max. journalier moy. hor.;0.3;0.325;µg-m3;100.0;100;100.0;R;1;48.391139;1.955611
2023/09/28 00:00:00;2023/09/28 23:59:59;LIG'AIR;FR24ZRE02;ZR CENTRE-VAL-DE-LOIRE;FR34043;Oysonville;Rurale régionale;SO2;Fond;Oui;mesures fixes;Max. journalier moy. hor.;0.6;0.575;µg-m3;92.0;100;92.0;R;1;48.391139;1.955611
2023/09/29 00:00:00;2023/09/29 23:59:59;LIG'AIR;FR24ZRE02;ZR CENTRE-VAL-DE-LOIRE;FR34043;Oysonville;Rurale régionale;SO2;Fond;Oui;mesures fixes;Max. journalier moy. hor.;0.5;0.5;µg-m3;96.0;100;96.0;R;1;48.391139;1.955611
2023/09/30 00:00:00;2023/09/30 23:59:59;LIG'AIR;FR24ZRE02;ZR CENTRE-VAL-DE-LOIRE;FR34043;Oysonville;Rurale régionale;SO2;Fond;Oui;mesures fixes;Max. journalier moy. hor.;0.7;0.7;µg-m3;100.0;100;100.0;R;1;48.391139;1.955611
2023/10/01 00:00:00;2023/10/01 23:59:59;LIG'AIR;FR24ZRE02;ZR CENTRE-VAL-DE-LOIRE;FR34043;Oysonville;Rurale régionale;SO2;Fond;Oui;mesures fixes;Max. journalier moy. hor.;-0.6;-0.575;µg-m3;96.0;100;96.0;A;1;48.391139;1.955611
2023/10/02 00:00:00;2023/10/02 23:59:59;LIG'AIR;FR24ZRE02;ZR CENTRE-VAL-DE-LOIRE;FR34043;Oysonville;Rurale régionale;SO2;Fond;Oui;mesures fixes;Max. journalier moy. hor.;0.5;0.5;µg-m3;100.0;100;100.0;R;1;48.391139;1.955611
2023/10/03 00:00:00;2023/10/03 23:59:59;LIG'AIR;FR24ZRE02;ZR CENTRE-VAL-DE-LOIRE;FR34043;Oysonville;Rurale régionale;SO2;Fond;Oui;mesures fixes;Max. journalier moy. hor.;0.4;0.43333;µg-m3;100.0;100;100.0;R;1;48.391139;1.955611
2023/10/04 00:00:00;2023/10/04 23:59:59;LIG'AIR;FR24ZRE02;ZR CENTRE-VAL-DE-LOIRE;FR34043;Oysonville;Rurale régionale;SO2;Fond;Oui;mesures fixes;Max. journalier moy. hor.;-0.2;-0.225;µg-m3;100.0;100;100.0;R;1;48.391139;1.955611
2023/10/05 00:00:00;2023/10/05 23:59:59;LIG'AIR;FR24ZRE02;ZR CENTRE-VAL-DE-LOIRE;FR34043;Oysonville;Rurale régionale;SO2;Fond;Oui;mesures fixes;Max. journalier moy. hor.;-0.1;-0.125;µg-m3;100.0;100;100.0;R;1;48.391139;1.955611
2023/10/06 00:00:00;2023/10/06 23:59:59;LIG'AIR;FR24ZRE02;ZR CENTRE-VAL-DE-LOIRE;FR34043;Oysonville;Rurale régionale;SO2;Fond;Oui;mesures fixes;Max. journalier moy. hor.;0.8;0.775;µg-m3;100.0;100;100.0;R;1;48.391139;1.955611
2023/10/07 00:00:00;2023/10/07 23:59:59;LIG'AIR;FR24ZRE02;ZR CENTRE-VAL-DE-LOIRE;FR34043;Oysonville;Rurale régionale;SO2;Fond;Oui;mesures fixes;Max. journalier moy. hor.;0.9;0.925;µg-m3;100.0;100;100.0;R;1;48.391139;1.955611
2023/10/08 00:00:00;2023/10/08 23:59:59;LIG'AIR;FR24ZRE02;ZR CENTRE-VAL-DE-LOIRE;FR34043;Oysonville;Rurale régionale;SO2;Fond;Oui;mesures fixes;Max. journalier moy. hor.;0.8;0.825;µg-m3;100.0;100;100.0;R;1;48.391139;1.955611
2023/10/09 00:00:00;2023/10/09 23:59:59;LIG'AIR;FR24ZRE02;ZR CENTRE-VAL-DE-LOIRE;FR34043;Oysonville;Rurale régionale;SO2;Fond;Oui;mesures fixes;Max. journalier moy. hor.;2.8;2.8;µg-m3;100.0;100;100.0;R;1;48.391139;1.955611
2023/10/10 00:00:00;2023/10/10 23:59:59;LIG'AIR;FR24ZRE02;ZR CENTRE-VAL-DE-LOIRE;FR34043;Oysonville;Rurale régionale;SO2;Fond;Oui;mesures fixes;Max. journalier moy. hor.;0.9;0.9;µg-m3;100.0;100;100.0;R;1;48.391139;1.955611
2023/10/11 00:00:00;2023/10/11 23:59:59;LIG'AIR;FR24ZRE02;ZR CENTRE-VAL-DE-LOIRE;FR34043;Oysonville;Rurale régionale;SO2;Fond;Oui;mesures fixes;Max. journalier moy. hor.;0.3;0.275;µg-m3;100.0;100;100.0;R;1;48.391139;1.955611
2023/10/12 00:00:00;2023/10/12 23:59:59;LIG'AIR;FR24ZRE02;ZR CENTRE-VAL-DE-LOIRE;FR34043;Oysonville;Rurale régionale;SO2;Fond;Oui;mesures fixes;Max. journalier moy. hor.;0.3;0.325;µg-m3;100.0;100;100.0;R;1;48.391139;1.955611
2023/10/13 00:00:00;2023/10/13 23:59:59;LIG'AIR;FR24ZRE02;ZR CENTRE-VAL-DE-LOIRE;FR34043;Oysonville;Rurale régionale;SO2;Fond;Oui;mesures fixes;Max. journalier moy. hor.;0.1;0.125;µg-m3;100.0;100;100.0;R;1;48.391139;1.955611
2023/10/14 00:00:00;2023/10/14 23:59:59;LIG'AIR;FR24ZRE02;ZR CENTRE-VAL-DE-LOIRE;FR34043;Oysonville;Rurale régionale;SO2;Fond;Oui;mesures fixes;Max. journalier moy. hor.;0.9;0.85;µg-m3;100.0;100;100.0;R;1;48.391139;1.955611
2023/10/15 00:00:00;2023/10/15 23:59:59;LIG'AIR;FR24ZRE02;ZR CENTRE-VAL-DE-LOIRE;FR34043;Oysonville;Rurale régionale;SO2;Fond;Oui;mesures fixes;Max. journalier moy. hor.;0.6;0.625;µg-m3;100.0;100;100.0;R;1;48.391139;1.955611
2023/10/16 00:00:00;2023/10/16 23:59:59;LIG'AIR;FR24ZRE02;ZR CENTRE-VAL-DE-LOIRE;FR34043;Oysonville;Rurale régionale;SO2;Fond;Oui;mesures fixes;Max. journalier moy. hor.;1.3;1.3;µg-m3;100.0;100;100.0;R;1;48.391139;1.955611
2023/10/17 00:00:00;2023/10/17 23:59:59;LIG'AIR;FR24ZRE02;ZR CENTRE-VAL-DE-LOIRE;FR34043;Oysonville;Rurale régionale;SO2;Fond;Oui;mesures fixes;Max. journalier moy. hor.;1.0;0.95;µg-m3;100.0;100;100.0;R;1;48.391139;1.955611
2023/10/18 00:00:00;2023/10/18 23:59:59;LIG'AIR;FR24ZRE02;ZR CENTRE-VAL-DE-LOIRE;FR34043;Oysonville;Rurale régionale;SO2;Fond;Oui;mesures fixes;Max. journalier moy. hor.;0.0;0.0;µg-m3;100.0;100;100.0;R;1;48.391139;1.955611
2023/10/19 00:00:00;2023/10/19 23:59:59;LIG'AIR;FR24ZRE02;ZR CENTRE-VAL-DE-LOIRE;FR34043;Oysonville;Rurale régionale;SO2;Fond;Oui;mesures fixes;Max. journalier moy. hor.;-0.2;-0.15;µg-m3;100.0;100;100.0;R;1;48.391139;1.955611
2023/10/20 00:00:00;2023/10/20 23:59:59;LIG'AIR;FR24ZRE02;ZR CENTRE-VAL-DE-LOIRE;FR34043;Oysonville;Rurale régionale;SO2;Fond;Oui;mesures fixes;Max. journalier moy. hor.;0.0;0.025;µg-m3;96.0;100;96.0;R;1;48.391139;1.955611
2023/10/21 00:00:00;2023/10/21 23:59:59;LIG'AIR;FR24ZRE02;ZR CENTRE-VAL-DE-LOIRE;FR34043;Oysonville;Rurale régionale;SO2;Fond;Oui;mesures fixes;Max. journalier moy. hor.;-0.1;-0.075;µg-m3;100.0;100;100.0;R;1;48.391139;1.955611
2023/10/22 00:00:00;2023/10/22 23:59:59;LIG'AIR;FR24ZRE02;ZR CENTRE-VAL-DE-LOIRE;FR34043;Oysonville;Rurale régionale;SO2;Fond;Oui;mesures fixes;Max. journalier moy. hor.;1.2;1.175;µg-m3;100.0;100;100.0;R;1;48.391139;1.955611
2023/10/23 00:00:00;2023/10/23 23:59:59;LIG'AIR;FR24ZRE02;ZR CENTRE-VAL-DE-LOIRE;FR34043;Oysonville;Rurale régionale;SO2;Fond;Oui;mesures fixes;Max. journalier moy. hor.;0.3;0.26667;µg-m3;100.0;100;100.0;R;1;48.391139;1.955611
2023/10/24 00:00:00;2023/10/24 23:59:59;LIG'AIR;FR24ZRE02;ZR CENTRE-VAL-DE-LOIRE;FR34043;Oysonville;Rurale régionale;SO2;Fond;Oui;mesures fixes;Max. journalier moy. hor.;1.0;1.025;µg-m3;100.0;100;100.0;R;1;48.391139;1.955611
2023/10/25 00:00:00;2023/10/25 23:59:59;LIG'AIR;FR24ZRE02;ZR CENTRE-VAL-DE-LOIRE;FR34043;Oysonville;Rurale régionale;SO2;Fond;Oui;mesures fixes;Max. journalier moy. hor.;1.0;0.96667;µg-m3;100.0;100;100.0;R;1;48.391139;1.955611
2023/10/26 00:00:00;2023/10/26 23:59:59;LIG'AIR;FR24ZRE02;ZR CENTRE-VAL-DE-LOIRE;FR34043;Oysonville;Rurale régionale;SO2;Fond;Oui;mesures fixes;Max. journalier moy. hor.;0.4;0.4;µg-m3;100.0;100;100.0;R;1;48.391139;1.955611
2023/10/27 00:00:00;2023/10/27 23:59:59;LIG'AIR;FR24ZRE02;ZR CENTRE-VAL-DE-LOIRE;FR34043;Oysonville;Rurale régionale;SO2;Fond;Oui;mesures fixes;Max. journalier moy. hor.;-0.2;-0.23333;µg-m3;100.0;100;100.0;R;1;48.391139;1.955611
2023/10/28 00:00:00;2023/10/28 23:59:59;LIG'AIR;FR24ZRE02;ZR CENTRE-VAL-DE-LOIRE;FR34043;Oysonville;Rurale régionale;SO2;Fond;Oui;mesures fixes;Max. journalier moy. hor.;0.7;0.675;µg-m3;100.0;100;100.0;R;1;48.391139;1.955611
2023/10/29 00:00:00;2023/10/29 23:59:59;LIG'AIR;FR24ZRE02;ZR CENTRE-VAL-DE-LOIRE;FR34043;Oysonville;Rurale régionale;SO2;Fond;Oui;mesures fixes;Max. journalier moy. hor.;0.3;0.26667;µg-m3;100.0;100;100.0;R;1;48.391139;1.955611
2023/10/30 00:00:00;2023/10/30 23:59:59;LIG'AIR;FR24ZRE02;ZR CENTRE-VAL-DE-LOIRE;FR34043;Oysonville;Rurale régionale;SO2;Fond;Oui;mesures fixes;Max. journalier moy. hor.;-0.1;-0.075;µg-m3;100.0;100;100.0;R;1;48.391139;1.955611
2023/10/31 00:00:00;2023/10/31 23:59:59;LIG'AIR;FR24ZRE02;ZR CENTRE-VAL-DE-LOIRE;FR34043;Oysonville;Rurale régionale;SO2;Fond;Oui;mesures fixes;Max. journalier moy. hor.;0.6;0.6;µg-m3;100.0;100;100.0;R;1;48.391139;1.955611
2023/11/01 00:00:00;2023/11/01 23:59:59;LIG'AIR;FR24ZRE02;ZR CENTRE-VAL-DE-LOIRE;FR34043;Oysonville;Rurale régionale;SO2;Fond;Oui;mesures fixes;Max. journalier moy. hor.;0.4;0.35;µg-m3;100.0;100;100.0;R;1;48.391139;1.955611
2023/11/02 00:00:00;2023/11/02 23:59:59;LIG'AIR;FR24ZRE02;ZR CENTRE-VAL-DE-LOIRE;FR34043;Oysonville;Rurale régionale;SO2;Fond;Oui;mesures fixes;Max. journalier moy. hor.;0.4;0.425;µg-m3;100.0;100;100.0;R;1;48.391139;1.955611
2023/11/03 00:00:00;2023/11/03 23:59:59;LIG'AIR;FR24ZRE02;ZR CENTRE-VAL-DE-LOIRE;FR34043;Oysonville;Rurale régionale;SO2;Fond;Oui;mesures fixes;Max. journalier moy. hor.;0.5;0.5;µg-m3;100.0;100;100.0;R;1;48.391139;1.955611
2023/11/04 00:00:00;2023/11/04 23:59:59;LIG'AIR;FR24ZRE02;ZR CENTRE-VAL-DE-LOIRE;FR34043;Oysonville;Rurale régionale;SO2;Fond;Oui;mesures fixes;Max. journalier moy. hor.;-0.3;-0.33333;µg-m3;100.0;100;100.0;R;1;48.391139;1.955611
2023/11/05 00:00:00;2023/11/05 23:59:59;LIG'AIR;FR24ZRE02;ZR CENTRE-VAL-DE-LOIRE;FR34043;Oysonville;Rurale régionale;SO2;Fond;Oui;mesures fixes;Max. journalier moy. hor.;0.6;0.6;µg-m3;100.0;100;100.0;R;1;48.391139;1.955611
2023/11/06 00:00:00;2023/11/06 23:59:59;LIG'AIR;FR24ZRE02;ZR CENTRE-VAL-DE-LOIRE;FR34043;Oysonville;Rurale régionale;SO2;Fond;Oui;mesures fixes;Max. journalier moy. hor.;-0.5;-0.5;µg-m3;100.0;100;100.0;R;1;48.391139;1.955611
2023/11/07 00:00:00;2023/11/07 23:59:59;LIG'AIR;FR24ZRE02;ZR CENTRE-VAL-DE-LOIRE;FR34043;Oysonville;Rurale régionale;SO2;Fond;Oui;mesures fixes;Max. journalier moy. hor.;0.5;0.525;µg-m3;100.0;100;100.0;R;1;48.391139;1.955611
2023/11/08 00:00:00;2023/11/08 23:59:59;LIG'AIR;FR24ZRE02;ZR CENTRE-VAL-DE-LOIRE;FR34043;Oysonville;Rurale régionale;SO2;Fond;Oui;mesures fixes;Max. journalier moy. hor.;0.4;0.4;µg-m3;100.0;100;100.0;R;1;48.391139;1.955611
2023/11/09 00:00:00;2023/11/09 23:59:59;LIG'AIR;FR24ZRE02;ZR CENTRE-VAL-DE-LOIRE;FR34043;Oysonville;Rurale régionale;SO2;Fond;Oui;mesures fixes;Max. journalier moy. hor.;-0.2;-0.2;µg-m3;100.0;100;100.0;R;1;48.391139;1.955611
2023/11/10 00:00:00;2023/11/10 23:59:59;LIG'AIR;FR24ZRE02;ZR CENTRE-VAL-DE-LOIRE;FR34043;Oysonville;Rurale régionale;SO2;Fond;Oui;mesures fixes;Max. journalier moy. hor.;0.3;0.325;µg-m3;100.0;100;100.0;R;1;48.391139;1.955611
2023/11/11 00:00:00;2023/11/11 23:59:59;LIG'AIR;FR24ZRE02;ZR CENTRE-VAL-DE-LOIRE;FR34043;Oysonville;Rurale régionale;SO2;Fond;Oui;mesures fixes;Max. journalier moy. hor.;-0.2;-0.2;µg-m3;100.0;100;100.0;R;1;48.391139;1.955611
2023/11/12 00:00:00;2023/11/12 23:59:59;LIG'AIR;FR24ZRE02;ZR CENTRE-VAL-DE-LOIRE;FR34043;Oysonville;Rurale régionale;SO2;Fond;Oui;mesures fixes;Max. journalier moy. hor.;-0.3;-0.3;µg-m3;100.0;100;100.0;R;1;48.391139;1.955611
2023/11/13 00:00:00;2023/11/13 23:59:59;LIG'AIR;FR24ZRE02;ZR CENTRE-VAL-DE-LOIRE;FR34043;Oysonville;Rurale régionale;SO2;Fond;Oui;mesures fixes;Max. journalier moy. hor.;0.2;0.175;µg-m3;92.0;100;92.0;R;1;48.391139;1.955611
2023/11/14 00:00:00;2023/11/14 23:59:59;LIG'AIR;FR24ZRE02;ZR CENTRE-VAL-DE-LOIRE;FR34043;Oysonville;Rurale régionale;SO2;Fond;Oui;mesures fixes;Max. journalier moy. hor.;0.2;0.175;µg-m3;100.0;100;100.0;R;1;48.391139;1.955611
2023/11/15 00:00:00;2023/11/15 23:59:59;LIG'AIR;FR24ZRE02;ZR CENTRE-VAL-DE-LOIRE;FR34043;Oysonville;Rurale régionale;SO2;Fond;Oui;mesures fixes;Max. journalier moy. hor.;0.6;0.575;µg-m3;100.0;100;100.0;R;1;48.391139;1.955611
2023/11/16 00:00:00;2023/11/16 23:59:59;LIG'AIR;FR24ZRE02;ZR CENTRE-VAL-DE-LOIRE;FR34043;Oysonville;Rurale régionale;SO2;Fond;Oui;mesures fixes;Max. journalier moy. hor.;0.0;0.025;µg-m3;100.0;100;100.0;R;1;48.391139;1.955611
2023/11/17 00:00:00;2023/11/17 23:59:59;LIG'AIR;FR24ZRE02;ZR CENTRE-VAL-DE-LOIRE;FR34043;Oysonville;Rurale régionale;SO2;Fond;Oui;mesures fixes;Max. journalier moy. hor.;0.9;0.9;µg-m3;100.0;100;100.0;R;1;48.391139;1.955611
2023/11/18 00:00:00;2023/11/18 23:59:59;LIG'AIR;FR24ZRE02;ZR CENTRE-VAL-DE-LOIRE;FR34043;Oysonville;Rurale régionale;SO2;Fond;Oui;mesures fixes;Max. journalier moy. hor.;0.3;0.3;µg-m3;100.0;100;100.0;R;1;48.391139;1.955611
2023/11/19 00:00:00;2023/11/19 23:59:59;LIG'AIR;FR24ZRE02;ZR CENTRE-VAL-DE-LOIRE;FR34043;Oysonville;Rurale régionale;SO2;Fond;Oui;mesures fixes;Max. journalier moy. hor.;0.4;0.375;µg-m3;100.0;100;100.0;R;1;48.391139;1.955611
2023/11/20 00:00:00;2023/11/20 23:59:59;LIG'AIR;FR24ZRE02;ZR CENTRE-VAL-DE-LOIRE;FR34043;Oysonville;Rurale régionale;SO2;Fond;Oui;mesures fixes;Max. journalier moy. hor.;-0.3;-0.3;µg-m3;100.0;100;100.0;R;1;48.391139;1.955611
2023/11/21 00:00:00;2023/11/21 23:59:59;LIG'AIR;FR24ZRE02;ZR CENTRE-VAL-DE-LOIRE;FR34043;Oysonville;Rurale régionale;SO2;Fond;Oui;mesures fixes;Max. journalier moy. hor.;1.0;1.025;µg-m3;100.0;100;100.0;R;1;48.391139;1.955611
2023/11/22 00:00:00;2023/11/22 23:59:59;LIG'AIR;FR24ZRE02;ZR CENTRE-VAL-DE-LOIRE;FR34043;Oysonville;Rurale régionale;SO2;Fond;Oui;mesures fixes;Max. journalier moy. hor.;0.2;0.2;µg-m3;100.0;100;100.0;R;1;48.391139;1.955611
2023/11/23 00:00:00;2023/11/23 23:59:59;LIG'AIR;FR24ZRE02;ZR CENTRE-VAL-DE-LOIRE;FR34043;Oysonville;Rurale régionale;SO2;Fond;Oui;mesures fixes;Max. journalier moy. hor.;0.0;-0.025;µg-m3;100.0;100;100.0;R;1;48.391139;1.955611
2023/11/24 00:00:00;2023/11/24 23:59:59;LIG'AIR;FR24ZRE02;ZR CENTRE-VAL-DE-LOIRE;FR34043;Oysonville;Rurale régionale;SO2;Fond;Oui;mesures fixes;Max. journalier moy. hor.;0.6;0.55;µg-m3;100.0;100;100.0;R;1;48.391139;1.955611
2023/11/25 00:00:00;2023/11/25 23:59:59;LIG'AIR;FR24ZRE02;ZR CENTRE-VAL-DE-LOIRE;FR34043;Oysonville;Rurale régionale;SO2;Fond;Oui;mesures fixes;Max. journalier moy. hor.;1.5;1.475;µg-m3;100.0;100;100.0;R;1;48.391139;1.955611
2023/11/26 00:00:00;2023/11/26 23:59:59;LIG'AIR;FR24ZRE02;ZR CENTRE-VAL-DE-LOIRE;FR34043;Oysonville;Rurale régionale;SO2;Fond;Oui;mesures fixes;Max. journalier moy. hor.;0.5;0.53333;µg-m3;50.0;100;50.0;N;-1;48.391139;1.955611
2023/11/27 00:00:00;2023/11/27 23:59:59;LIG'AIR;FR24ZRE02;ZR CENTRE-VAL-DE-LOIRE;FR34043;Oysonville;Rurale régionale;SO2;Fond;Oui;mesures fixes;Max. journalier moy. hor.;0.1;0.1;µg-m3;75.0;100;75.0;R;1;48.391139;1.955611
2023/11/28 00:00:00;2023/11/28 23:59:59;LIG'AIR;FR24ZRE02;ZR CENTRE-VAL-DE-LOIRE;FR34043;Oysonville;Rurale régionale;SO2;Fond;Oui;mesures fixes;Max. journalier moy. hor.;0.4;0.35;µg-m3;100.0;100;100.0;R;1;48.391139;1.955611
2023/11/29 00:00:00;2023/11/29 23:59:59;LIG'AIR;FR24ZRE02;ZR CENTRE-VAL-DE-LOIRE;FR34043;Oysonville;Rurale régionale;SO2;Fond;Oui;mesures fixes;Max. journalier moy. hor.;0.5;0.45;µg-m3;100.0;100;100.0;R;1;48.391139;1.955611
2023/11/30 00:00:00;2023/11/30 23:59:59;LIG'AIR;FR24ZRE02;ZR CENTRE-VAL-DE-LOIRE;FR34043;Oysonville;Rurale régionale;SO2;Fond;Oui;mesures fixes;Max. journalier moy. hor.;0.3;0.275;µg-m3;100.0;100;100.0;R;1;48.391139;1.955611
2023/12/01 00:00:00;2023/12/01 23:59:59;LIG'AIR;FR24ZRE02;ZR CENTRE-VAL-DE-LOIRE;FR34043;Oysonville;Rurale régionale;SO2;Fond;Oui;mesures fixes;Max. journalier moy. hor.;0.1;0.13333;µg-m3;79.0;100;79.0;R;1;48.391139;1.955611
2023/12/02 00:00:00;2023/12/02 23:59:59;LIG'AIR;FR24ZRE02;ZR CENTRE-VAL-DE-LOIRE;FR34043;Oysonville;Rurale régionale;SO2;Fond;Oui;mesures fixes;Max. journalier moy. hor.;0.8;0.8;µg-m3;38.0;100;38.0;N;-1;48.391139;1.955611
2023/12/03 00:00:00;2023/12/03 23:59:59;LIG'AIR;FR24ZRE02;ZR CENTRE-VAL-DE-LOIRE;FR34043;Oysonville;Rurale régionale;SO2;Fond;Oui;mesures fixes;Max. journalier moy. hor.;0.8;0.75;µg-m3;58.0;100;58.0;N;-1;48.391139;1.955611
2023/12/04 00:00:00;2023/12/04 23:59:59;LIG'AIR;FR24ZRE02;ZR CENTRE-VAL-DE-LOIRE;FR34043;Oysonville;Rurale régionale;SO2;Fond;Oui;mesures fixes;Max. journalier moy. hor.;-0.3;-0.26667;µg-m3;42.0;100;42.0;N;-1;48.391139;1.955611
2023/12/12 00:00:00;2023/12/12 23:59:59;LIG'AIR;FR24ZRE02;ZR CENTRE-VAL-DE-LOIRE;FR34043;Oysonville;Rurale régionale;SO2;Fond;Oui;mesures fixes;Max. journalier moy. hor.;0.6;0.575;µg-m3;96.0;100;96.0;A;1;48.391139;1.955611
2023/12/13 00:00:00;2023/12/13 23:59:59;LIG'AIR;FR24ZRE02;ZR CENTRE-VAL-DE-LOIRE;FR34043;Oysonville;Rurale régionale;SO2;Fond;Oui;mesures fixes;Max. journalier moy. hor.;0.4;0.375;µg-m3;96.0;100;96.0;A;1;48.391139;1.955611
2023/12/14 00:00:00;2023/12/14 23:59:59;LIG'AIR;FR24ZRE02;ZR CENTRE-VAL-DE-LOIRE;FR34043;Oysonville;Rurale régionale;SO2;Fond;Oui;mesures fixes;Max. journalier moy. hor.;0.2;0.15;µg-m3;96.0;100;96.0;A;1;48.391139;1.955611
2023/12/15 00:00:00;2023/12/15 23:59:59;LIG'AIR;FR24ZRE02;ZR CENTRE-VAL-DE-LOIRE;FR34043;Oysonville;Rurale régionale;SO2;Fond;Oui;mesures fixes;Max. journalier moy. hor.;-0.1;-0.125;µg-m3;96.0;100;96.0;A;1;48.391139;1.955611
2023/12/16 00:00:00;2023/12/16 23:59:59;LIG'AIR;FR24ZRE02;ZR CENTRE-VAL-DE-LOIRE;FR34043;Oysonville;Rurale régionale;SO2;Fond;Oui;mesures fixes;Max. journalier moy. hor.;0.4;0.425;µg-m3;96.0;100;96.0;A;1;48.391139;1.955611
2023/12/17 00:00:00;2023/12/17 23:59:59;LIG'AIR;FR24ZRE02;ZR CENTRE-VAL-DE-LOIRE;FR34043;Oysonville;Rurale régionale;SO2;Fond;Oui;mesures fixes;Max. journalier moy. hor.;-0.2;-0.175;µg-m3;96.0;100;96.0;A;1;48.391139;1.955611
2023/12/18 00:00:00;2023/12/18 23:59:59;LIG'AIR;FR24ZRE02;ZR CENTRE-VAL-DE-LOIRE;FR34043;Oysonville;Rurale régionale;SO2;Fond;Oui;mesures fixes;Max. journalier moy. hor.;0.2;0.175;µg-m3;96.0;100;96.0;R;1;48.391139;1.955611
2023/12/19 00:00:00;2023/12/19 23:59:59;LIG'AIR;FR24ZRE02;ZR CENTRE-VAL-DE-LOIRE;FR34043;Oysonville;Rurale régionale;SO2;Fond;Oui;mesures fixes;Max. journalier moy. hor.;-0.2;-0.15;µg-m3;96.0;100;96.0;A;1;48.391139;1.955611
2023/12/20 00:00:00;2023/12/20 23:59:59;LIG'AIR;FR24ZRE02;ZR CENTRE-VAL-DE-LOIRE;FR34043;Oysonville;Rurale régionale;SO2;Fond;Oui;mesures fixes;Max. journalier moy. hor.;0.2;0.15;µg-m3;96.0;100;96.0;A;1;48.391139;1.955611
2023/12/21 00:00:00;2023/12/21 23:59:59;LIG'AIR;FR24ZRE02;ZR CENTRE-VAL-DE-LOIRE;FR34043;Oysonville;Rurale régionale;SO2;Fond;Oui;mesures fixes;Max. journalier moy. hor.;0.5;0.5;µg-m3;96.0;100;96.0;A;1;48.391139;1.955611
2023/12/22 00:00:00;2023/12/22 23:59:59;LIG'AIR;FR24ZRE02;ZR CENTRE-VAL-DE-LOIRE;FR34043;Oysonville;Rurale régionale;SO2;Fond;Oui;mesures fixes;Max. journalier moy. hor.;0.3;0.3;µg-m3;100.0;100;100.0;R;1;48.391139;1.955611
2023/12/23 00:00:00;2023/12/23 23:59:59;LIG'AIR;FR24ZRE02;ZR CENTRE-VAL-DE-LOIRE;FR34043;Oysonville;Rurale régionale;SO2;Fond;Oui;mesures fixes;Max. journalier moy. hor.;0.4;0.425;µg-m3;96.0;100;96.0;R;1;48.391139;1.955611
2023/12/24 00:00:00;2023/12/24 23:59:59;LIG'AIR;FR24ZRE02;ZR CENTRE-VAL-DE-LOIRE;FR34043;Oysonville;Rurale régionale;SO2;Fond;Oui;mesures fixes;Max. journalier moy. hor.;0.5;0.475;µg-m3;96.0;100;96.0;R;1;48.391139;1.955611
2023/12/25 00:00:00;2023/12/25 23:59:59;LIG'AIR;FR24ZRE02;ZR CENTRE-VAL-DE-LOIRE;FR34043;Oysonville;Rurale régionale;SO2;Fond;Oui;mesures fixes;Max. journalier moy. hor.;0.2;0.15;µg-m3;100.0;100;100.0;R;1;48.391139;1.955611
2023/12/26 00:00:00;2023/12/26 23:59:59;LIG'AIR;FR24ZRE02;ZR CENTRE-VAL-DE-LOIRE;FR34043;Oysonville;Rurale régionale;SO2;Fond;Oui;mesures fixes;Max. journalier moy. hor.;1.6;1.625;µg-m3;100.0;100;100.0;R;1;48.391139;1.955611
2023/12/27 00:00:00;2023/12/27 23:59:59;LIG'AIR;FR24ZRE02;ZR CENTRE-VAL-DE-LOIRE;FR34043;Oysonville;Rurale régionale;SO2;Fond;Oui;mesures fixes;Max. journalier moy. hor.;0.9;0.85;µg-m3;100.0;100;100.0;R;1;48.391139;1.955611
2023/12/28 00:00:00;2023/12/28 23:59:59;LIG'AIR;FR24ZRE02;ZR CENTRE-VAL-DE-LOIRE;FR34043;Oysonville;Rurale régionale;SO2;Fond;Oui;mesures fixes;Max. journalier moy. hor.;0.5;0.5;µg-m3;100.0;100;100.0;R;1;48.391139;1.955611
2023/12/29 00:00:00;2023/12/29 23:59:59;LIG'AIR;FR24ZRE02;ZR CENTRE-VAL-DE-LOIRE;FR34043;Oysonville;Rurale régionale;SO2;Fond;Oui;mesures fixes;Max. journalier moy. hor.;0.0;0.0;µg-m3;100.0;100;100.0;R;1;48.391139;1.955611
2023/12/30 00:00:00;2023/12/30 23:59:59;LIG'AIR;FR24ZRE02;ZR CENTRE-VAL-DE-LOIRE;FR34043;Oysonville;Rurale régionale;SO2;Fond;Oui;mesures fixes;Max. journalier moy. hor.;-0.3;-0.25;µg-m3;100.0;100;100.0;R;1;48.391139;1.955611
2023/12/31 00:00:00;2023/12/31 23:59:59;LIG'AIR;FR24ZRE02;ZR CENTRE-VAL-DE-LOIRE;FR34043;Oysonville;Rurale régionale;SO2;Fond;Oui;mesures fixes;Max. journalier moy. hor.;0.3;0.25;µg-m3;100.0;100;100.0;R;1;48.391139;1.955611
